module,line,theorem,hyp,hyp_type,def_module,def_line,kind,proof,statement,def_body
Spt1,2378,ec_hasse,hHasse,SatisfiesHasse,Spt1,2370,FULL,hHasse,theorem ec_hasse {q : ℕ} [NeZero q] (E : ShortWeierstrassModel (ZMod q)) (hHasse : SatisfiesHasse E) : frobeniusTrace E * frobeniusTrace E ≤ (4 : ℤ) * (q : ℤ),:= frobeniusTrace E * frobeniusTrace E ≤ (4 : ℤ) * (q : ℤ)
Spt1,2706,gateECRegularData_forces_deltaShadow,_h,gateECRegularData,Spt1,2674,PROJ,_h.2.2,theorem gateECRegularData_forces_deltaShadow (E : WeierstrassCurve ℤ) (X Δ : ℕ) (p : PrimeSpectrum ℤ) (d : ECRegularDatum E X Δ) (_h : gateECRegularData E X Δ p d) : d.cert.deltaShadow = Δ,:= gateEC E X p ∧ d.payload.discriminant = Δ ∧ d.cert.deltaShadow = Δ
Spt1,3088,ECStepCertificate.sound_of_GK,hGK,GoldwasserKilianPropagationTheorem,Spt1,3082,FULL,hGK C hr hrprime,theorem ECStepCertificate.sound_of_GK {E : WeierstrassCurve ℤ} (hGK : GoldwasserKilianPropagationTheorem E) {X r : ℕ} (C : ECStepCertificate E X) (hr : C.regular.cert.largePrime = r) (hrprime : r.Prime) : X.Prime,":= ∀ {X r : ℕ}, (C : ECStepCertificate E X) → C.regular.cert.largePrime = r → r.Prime → X.Prime"
Spt1,3178,gateECRegularModelData_forces_deltaShadow,_h,gateECRegularModelData,Spt1,3166,PROJ,_h.2.2,theorem gateECRegularModelData_forces_deltaShadow (E : WeierstrassCurve ℤ) (X Δ : ℕ) (p : PrimeSpectrum ℤ) (d : ECRegularModelDatum E X Δ) (_h : gateECRegularModelData E X Δ p d) : d.cert.cert.deltaShadow = Δ,:= gateEC E X p ∧ d.payload.discriminant = Δ ∧ d.cert.cert.deltaShadow = Δ
Spt1,3980,rmk2_2_uniform_remainder,hlog,MtALogInput,Spt1,3912,FULL,hlog,theorem rmk2_2_uniform_remainder {p k : ℕ} {Λ u : ℚ} (hlog : MtALogInput p k Λ u) : (k : ℤ) ≤ padicValRat p (Λ - u),:= (k : ℤ) ≤ padicValRat p (Λ - u)
Spt1,3990,Hk_phiTerm_bound,hHk,Hk,Spt1,460,FULL,hHk j hj,theorem Hk_phiTerm_bound {p M A m n k : ℕ} {Y : ℤ} (hHk : Hk p M A m n k Y) {j : ℕ} (hj : j < n) : (k : ℤ) ≤ padicValRat p (phiTerm M A m Y j),":= ∀ j : ℕ, j < n → k ≤ padicValRat p (phiTerm M A m Y j)"
Spt3,785,prime_iff_section_of_complete,hFEC,AKSIsComplete,Spt3,781,FULL,hFEC X,theorem prime_iff_section_of_complete (FEC : ℕ → Prop) (hFEC : AKSIsComplete FEC) (X : ℕ) : X.Prime ↔ FEC X,":= ∀ X, X.Prime ↔ FEC_AKS X"
Spt3,4926,FnumWindow_imp_Fnum_layer,h,FnumWindow,Spt3,4918,PROJ,h.1,theorem FnumWindow_imp_Fnum_layer {A p n ε₀ X : ℕ} (h : FnumWindow A p n ε₀ X) : Fnum_layer X,:= 1 < X ∧ ((X : ℤ) - ((A ^ p ^ n : ℕ) : ℤ)).natAbs ≤ ε₀
Spt3,6079,theorem18_of_any_complete,h,AKSIsComplete,Spt3,781,FULL,h X,theorem theorem18_of_any_complete {FEC : ℕ → Prop} (h : AKSIsComplete FEC) (X : ℕ) : X.Prime ↔ FEC X,":= ∀ X, X.Prime ↔ FEC_AKS X"
Spt4,2280,thm836_part2,h,DirichletDensityAP,Spt4,2274,FULL,h a q hcop,theorem thm836_part2 (h : DirichletDensityAP) (a q : ℕ) (hcop : Nat.Coprime a q) : HasDensityPrime (apPrimeCount a q) (1 / (Nat.totient q : ℝ)),":= ∀ a q : ℕ, Nat.Coprime a q → HasDensityPrime (apPrimeCount a q) (1 / (Nat.totient q : ℝ))"
Spt5,2784,claim91_necessary,h,goodReduction,Spt5,506,FULL,h,theorem claim91_necessary (a b p : ℤ) (h : goodReduction a b p) : ¬ p ∣ weierDelta a b,:= ¬ p ∣ weierDelta a b
Spt6,778,IsGammaAcyclic.h1_subsingleton,h,IsGammaAcyclic,Spt6,771,FULL,h 0,theorem IsGammaAcyclic.h1_subsingleton {C : Type u} [CategoryTheory.Category.{v} C] {J : GrothendieckTopology C} {F : CategoryTheory.Sheaf J AddCommGrpCat.{w}} [HasSheafify J AddCommGrpCat.{w}] [HasExt.{w'} (CategoryTheory.Sheaf J AddCommGrpCat.{w})] (h : IsGammaAcyclic F) : Subsingleton (CategoryTheory.Sheaf.H F 1),":= ∀ n : ℕ, Subsingleton (CategoryTheory.Sheaf.H F (n + 1))"
Spt6,5043,goodOpen_to_etalePiece,h,goodOpen,Spt2,641,FULL,h,theorem goodOpen_to_etalePiece (D : GoodOpenEtalePieceModel) (h : D.goodOpen) : D.etalePiece,:= ¬ p ∣ M.A ∧ ¬ p ∣ M.pn
Spt6,6036,ext_of_coeffAgreement,h,CoeffAgreement,Spt6,6031,FULL,h,theorem ext_of_coeffAgreement {p q : FormalMultilinearSeries 𝕜 𝕜 E} (h : CoeffAgreement p q) : p = q,:= p = q
Spt7,6699,exists_weaklyRegular_of_hasWeakRegularSequenceLength,h,HasWeakRegularSequenceLength,Spt7,6681,FULL,h,"theorem exists_weaklyRegular_of_hasWeakRegularSequenceLength {n : ℕ} (h : HasWeakRegularSequenceLength R M n) : ∃ rs : List R, rs.length = n ∧ IsWeaklyRegular M rs",":= ∃ rs : List R, rs.length = n ∧ IsWeaklyRegular M rs"
Spt7,11885,weightPurityGate_pure,hB,WeightPurityGate,Spt7,11878,PROJ,hB.1,theorem weightPurityGate_pure {Sch : Type uSch} [Category.{vSch} Sch] {D : SixFunctorData Sch} {X : Sch} {F : D.Sheaf X} {W : WeilIIPackage D F} {C : DetTraceRadiusCertificate W} {n : ℕ} {w : ℤ} (hB : WeightPurityGate W C n w) : W.isPure n w,:= W.isPure n w ∧ C.hasDetTraceExpansion n w
Spt7,11893,weightPurityGate_detTraceExpansion,hB,WeightPurityGate,Spt7,11878,PROJ,hB.2,theorem weightPurityGate_detTraceExpansion {Sch : Type uSch} [Category.{vSch} Sch] {D : SixFunctorData Sch} {X : Sch} {F : D.Sheaf X} {W : WeilIIPackage D F} {C : DetTraceRadiusCertificate W} {n : ℕ} {w : ℤ} (hB : WeightPurityGate W C n w) : C.hasDetTraceExpansion n w,:= W.isPure n w ∧ C.hasDetTraceExpansion n w
Spt7,11926,equivalenceCGate_arithmetic,h,EquivalenceCGate,Spt7,11919,PROJ,h.1,theorem equivalenceCGate_arithmetic {Sch : Type uSch} [Category.{vSch} Sch] {D : SixFunctorData Sch} {X : Sch} {F : D.Sheaf X} {M N : ℕ} {W : WeilIIPackage D F} {C : DetTraceRadiusCertificate W} {n : ℕ} {w : ℤ} (h : EquivalenceCGate M N W C n w) : ArithmeticCechTorGate M N,:= ArithmeticCechTorGate M N ∧ WeightPurityGate W C n w
Spt7,11934,equivalenceCGate_weightPurity,h,EquivalenceCGate,Spt7,11919,PROJ,h.2,theorem equivalenceCGate_weightPurity {Sch : Type uSch} [Category.{vSch} Sch] {D : SixFunctorData Sch} {X : Sch} {F : D.Sheaf X} {M N : ℕ} {W : WeilIIPackage D F} {C : DetTraceRadiusCertificate W} {n : ℕ} {w : ℤ} (h : EquivalenceCGate M N W C n w) : WeightPurityGate W C n w,:= ArithmeticCechTorGate M N ∧ WeightPurityGate W C n w
Spt7,12509,GlobalRiemannHypothesisGate.zeroPoleCircle,h,GlobalRiemannHypothesisGate,Spt7,12501,PROJ,h.1,theorem GlobalRiemannHypothesisGate.zeroPoleCircle {eigs : Nat.Primes → List ℂ} {radii : Nat.Primes → ℝ} {a : ℕ → ℂ} {s : ℂ} (h : GlobalRiemannHypothesisGate eigs radii a s) : GlobalZeroPoleCircleGate eigs radii,:= GlobalZeroPoleCircleGate eigs radii ∧ GlobalEulerProductConvergenceGate a s ∧ GlobalEulerProductNoCancellation a s
Spt7,12517,GlobalRiemannHypothesisGate.eulerProduct,h,GlobalRiemannHypothesisGate,Spt7,12501,PROJ,h.2.1,theorem GlobalRiemannHypothesisGate.eulerProduct {eigs : Nat.Primes → List ℂ} {radii : Nat.Primes → ℝ} {a : ℕ → ℂ} {s : ℂ} (h : GlobalRiemannHypothesisGate eigs radii a s) : GlobalEulerProductConvergenceGate a s,:= GlobalZeroPoleCircleGate eigs radii ∧ GlobalEulerProductConvergenceGate a s ∧ GlobalEulerProductNoCancellation a s
Spt7,12525,GlobalRiemannHypothesisGate.noCancellation,h,GlobalRiemannHypothesisGate,Spt7,12501,PROJ,h.2.2,theorem GlobalRiemannHypothesisGate.noCancellation {eigs : Nat.Primes → List ℂ} {radii : Nat.Primes → ℝ} {a : ℕ → ℂ} {s : ℂ} (h : GlobalRiemannHypothesisGate eigs radii a s) : GlobalEulerProductNoCancellation a s,:= GlobalZeroPoleCircleGate eigs radii ∧ GlobalEulerProductConvergenceGate a s ∧ GlobalEulerProductNoCancellation a s
Spt7,15120,prime,h,IsNthPrime,Spt7,15115,PROJ,h.1,theorem prime {n p : ℕ} (h : IsNthPrime n p) : p.Prime,:= p.Prime ∧ ((Finset.range p).filter Nat.Prime).card = n
Spt7,15123,card_primes_lt,h,IsNthPrime,Spt7,15115,PROJ,h.2,theorem card_primes_lt {n p : ℕ} (h : IsNthPrime n p) : ((Finset.range p).filter Nat.Prime).card = n,:= p.Prime ∧ ((Finset.range p).filter Nat.Prime).card = n
Mock1,3901,PIntegralOn.denominator_coprime,ha,PIntegralOn,Mock1,3898,FULL,ha n,theorem PIntegralOn.denominator_coprime (p : ℕ) {N : ℕ} (a : RatCoeff N) (hpprime : Nat.Prime p) (ha : PIntegralOn p a) (n : FiniteRange N) : Nat.Coprime (a n).den p,":= ∀ n : FiniteRange N, IsPIntegralAt p (a n)"
Mock1,4734,FiniteMahlerInterpolates.apply,h,FiniteMahlerInterpolates,Mock1,4730,FULL,h n,theorem FiniteMahlerInterpolates.apply {N : ℕ} {R : Type*} [Semiring R] {coeffs samples : Fin (N + 1) → R} (h : FiniteMahlerInterpolates coeffs samples) (n : Fin (N + 1)) : finiteMahlerEval coeffs n.val = samples n,":= ∀ n : Fin (N + 1), finiteMahlerEval coeffs n.val = samples n"
Mock1,4770,finiteMahlerEval_finiteDifferenceCoeff_eq_of_binomial_inversion,H,FiniteMahlerBinomialInversion,Mock1,4766,FULL,H samples n,theorem finiteMahlerEval_finiteDifferenceCoeff_eq_of_binomial_inversion {N : ℕ} {R : Type*} [CommRing R] (H : FiniteMahlerBinomialInversion N R) (samples : Fin (N + 1) → R) (n : Fin (N + 1)) : finiteMahlerEval (finiteDifferenceCoeff samples) n.val = samples n,":= ∀ samples : Fin (N + 1) → R, FiniteMahlerInterpolates (finiteDifferenceCoeff samples) samples"
Mock1,4783,finiteMahler_coefficients_unique,H,FiniteMahlerInterpolationUnique,Mock1,4778,FULL,H samples coeffs₁ coeffs₂ h₁ h₂,theorem finiteMahler_coefficients_unique {N : ℕ} {R : Type*} [Semiring R] (H : FiniteMahlerInterpolationUnique N R) {samples coeffs₁ coeffs₂ : Fin (N + 1) → R} (h₁ : FiniteMahlerInterpolates coeffs₁ samples) (h₂ : FiniteMahlerInterpolates coeffs₂ samples) : coeffs₁ = coeffs₂,":= ∀ samples coeffs₁ coeffs₂ : Fin (N + 1) → R, FiniteMahlerInterpolates coeffs₁ samples → FiniteMahlerInterpolates coeffs₂ samples → coeffs₁ = coeffs₂"
Mock1,4791,finiteMahler_interpolating_coeffs_eq_finiteDifferenceCoeff,Huniq,FiniteMahlerInterpolationUnique,Mock1,4778,FULL,Huniq samples coeffs (finiteDifferenceCoeff samples) hcoeffs (Hbinv samples),theorem finiteMahler_interpolating_coeffs_eq_finiteDifferenceCoeff {N : ℕ} {R : Type*} [CommRing R] (Hbinv : FiniteMahlerBinomialInversion N R) (Huniq : FiniteMahlerInterpolationUnique N R) {samples coeffs : Fin (N + 1) → R} (hcoeffs : FiniteMahlerInterpolates coeffs samples) : coeffs = finiteDifferenceCoeff samples,":= ∀ samples coeffs₁ coeffs₂ : Fin (N + 1) → R, FiniteMahlerInterpolates coeffs₁ samples → FiniteMahlerInterpolates coeffs₂ samples → coeffs₁ = coeffs₂"
Mock1,5777,integerGlobalLiftModLcm_apply,h,IntegerGlobalLiftModLcm,Mock1,5773,FULL,h i,theorem integerGlobalLiftModLcm_apply {I : Type*} {M pk N : ℕ} {s : LocalSection I N (ZMod (Nat.lcm M pk))} {g : FiniteRange N → ℤ} (h : IntegerGlobalLiftModLcm M pk s g) (i : I) : reduceIntVectorModLcm M pk N g = s i,":= ∀ i : I, reduceIntVectorModLcm M pk N g = s i"
Mock1,6046,finiteWeightSupport_apply,h,HasFiniteWeightSupport,Mock1,6043,FULL,h l hl,theorem finiteWeightSupport_apply {R : Type*} [Zero R] {L : Finset ℤ} {c : ℤ → R} (h : HasFiniteWeightSupport L c) {l : ℤ} (hl : l ∉ L) : c l = 0,":= ∀ l : ℤ, l ∉ L → c l = 0"
Mock1,6409,lower_le_of_mem,hx,Mem,Mock1,6406,PROJ,hx.1,theorem lower_le_of_mem {I : RatInterval} {x : ℚ} (hx : I.Mem x) : I.lower ≤ x,:= I.lower ≤ x ∧ x ≤ I.upper
Mock1,6413,le_upper_of_mem,hx,Mem,Mock1,6406,PROJ,hx.2,theorem le_upper_of_mem {I : RatInterval} {x : ℚ} (hx : I.Mem x) : x ≤ I.upper,:= I.lower ≤ x ∧ x ≤ I.upper
Mock1_Advanced,36171,coeff_eq_object_at,H,PaperInstancesHRlfCoefficientStatement,Mock1_Advanced,35834,PROJ,H.1,theorem coeff_eq_object_at {n : Nat} (H : PaperInstancesHRlfCoefficientStatement n) : referencePaperInstancesHRflConcrete.qSeriesCertificate.series.coeff n = referencePaperInstancesHRflConcrete.object.coeff n,:= referencePaperInstancesHRflConcrete.qSeriesCertificate.series.coeff n = referencePaperInstancesHRflConcrete.object.coeff n /\ referencePaperInstancesHRflConcrete.qSeriesCertificate.series.coefficientAt n = referencePaperInstancesHRflConcrete.object.coeff n /\ referencePaperInstancesHCompletionCertificate.t1t5.exactCoefficient.formula.coefficient n = referencePaperInstancesHCompletionCertificate.t1t5.exactCoefficient.spectral.rademacher.main n + referencePaperInstancesHCompletionCertificate.t1t5.exactCoefficient.spectral.rademacher.remainder n
Mock1_Advanced,36177,coefficientAt_eq_object_at,H,PaperInstancesHRlfCoefficientStatement,Mock1_Advanced,35834,PROJ,H.2.1,theorem coefficientAt_eq_object_at {n : Nat} (H : PaperInstancesHRlfCoefficientStatement n) : referencePaperInstancesHRflConcrete.qSeriesCertificate.series.coefficientAt n = referencePaperInstancesHRflConcrete.object.coeff n,:= referencePaperInstancesHRflConcrete.qSeriesCertificate.series.coeff n = referencePaperInstancesHRflConcrete.object.coeff n /\ referencePaperInstancesHRflConcrete.qSeriesCertificate.series.coefficientAt n = referencePaperInstancesHRflConcrete.object.coeff n /\ referencePaperInstancesHCompletionCertificate.t1t5.exactCoefficient.formula.coefficient n = referencePaperInstancesHCompletionCertificate.t1t5.exactCoefficient.spectral.rademacher.main n + referencePaperInstancesHCompletionCertificate.t1t5.exactCoefficient.spectral.rademacher.remainder n
Mock1_Advanced,36183,rademacher_decomposition_at,H,PaperInstancesHRlfCoefficientStatement,Mock1_Advanced,35834,PROJ,H.2.2,theorem rademacher_decomposition_at {n : Nat} (H : PaperInstancesHRlfCoefficientStatement n) : referencePaperInstancesHCompletionCertificate.t1t5.exactCoefficient.formula.coefficient n = referencePaperInstancesHCompletionCertificate.t1t5.exactCoefficient.spectral.rademacher.main n + referencePaperInstancesHCompletionCertificate.t1t5.exactCoefficient.spectral.rademacher.remainder n,:= referencePaperInstancesHRflConcrete.qSeriesCertificate.series.coeff n = referencePaperInstancesHRflConcrete.object.coeff n /\ referencePaperInstancesHRflConcrete.qSeriesCertificate.series.coefficientAt n = referencePaperInstancesHRflConcrete.object.coeff n /\ referencePaperInstancesHCompletionCertificate.t1t5.exactCoefficient.formula.coefficient n = referencePaperInstancesHCompletionCertificate.t1t5.exactCoefficient.spectral.rademacher.main n + referencePaperInstancesHCompletionCertificate.t1t5.exactCoefficient.spectral.rademacher.remainder n
Mock1_Advanced,36194,t1t5_cutoff_at,H,PaperInstancesHRlfTailStatement,Mock1_Advanced,35843,PROJ,H.1,theorem t1t5_cutoff_at (H : PaperInstancesHRlfTailStatement) : referencePaperInstancesHCompletionCertificate.t1t5.exactCoefficient.spectral.rademacher.tail.cutoff = referencePaperInstancesHCompletionCertificate.t1t5.t4.tailTracking.tail.tail.cutoff,:= referencePaperInstancesHCompletionCertificate.t1t5.exactCoefficient.spectral.rademacher.tail.cutoff = referencePaperInstancesHCompletionCertificate.t1t5.t4.tailTracking.tail.tail.cutoff /\ referencePaperInstancesHCompletionCertificate.analytic.exactCoefficient.spectral.rademacher.tail.cutoff = referencePaperInstancesHCompletionCertificate.analytic.exactCoefficient.betaArch.formula.rademacher.tail.cutoff
Mock1_Advanced,36200,analytic_cutoff_at,H,PaperInstancesHRlfTailStatement,Mock1_Advanced,35843,PROJ,H.2,theorem analytic_cutoff_at (H : PaperInstancesHRlfTailStatement) : referencePaperInstancesHCompletionCertificate.analytic.exactCoefficient.spectral.rademacher.tail.cutoff = referencePaperInstancesHCompletionCertificate.analytic.exactCoefficient.betaArch.formula.rademacher.tail.cutoff,:= referencePaperInstancesHCompletionCertificate.t1t5.exactCoefficient.spectral.rademacher.tail.cutoff = referencePaperInstancesHCompletionCertificate.t1t5.t4.tailTracking.tail.tail.cutoff /\ referencePaperInstancesHCompletionCertificate.analytic.exactCoefficient.spectral.rademacher.tail.cutoff = referencePaperInstancesHCompletionCertificate.analytic.exactCoefficient.betaArch.formula.rademacher.tail.cutoff
Mock1_Advanced,36210,principal_laurent_at,H,PaperInstancesHRlfLerchPrincipalStatement,Mock1_Advanced,35849,PROJ,H.1 i,theorem principal_laurent_at (H : PaperInstancesHRlfLerchPrincipalStatement) (i : Fin referencePaperInstancesHRflConcrete.principalPartLink.principal.order) : referencePaperInstancesHRflConcrete.principalPartLink.principal.coeffAt i = referencePaperInstancesHRflConcrete.principalPartLink.laurent.coeff (-(((i : Nat) + 1 : Nat) : Int)),":= (forall i : Fin referencePaperInstancesHRflConcrete.principalPartLink.principal.order, referencePaperInstancesHRflConcrete.principalPartLink.principal.coeffAt i = referencePaperInstancesHRflConcrete.principalPartLink.laurent.coeff (-(((i : Nat) + 1 : Nat) : Int))) /\ (forall i : Fin referencePaperInstancesHRflConcrete.polarProfileLink.profile.terms, (referencePaperInstancesHRflConcrete.polarProfileLink.profile.term i).exponent < 0) /\ referencePaperInstancesHCompletionCertificate.extraction.concrete.principalPart.order = 1"
Mock1_Advanced,36218,polar_negative_at,H,PaperInstancesHRlfLerchPrincipalStatement,Mock1_Advanced,35849,PROJ,H.2.1 i,theorem polar_negative_at (H : PaperInstancesHRlfLerchPrincipalStatement) (i : Fin referencePaperInstancesHRflConcrete.polarProfileLink.profile.terms) : (referencePaperInstancesHRflConcrete.polarProfileLink.profile.term i).exponent < 0,":= (forall i : Fin referencePaperInstancesHRflConcrete.principalPartLink.principal.order, referencePaperInstancesHRflConcrete.principalPartLink.principal.coeffAt i = referencePaperInstancesHRflConcrete.principalPartLink.laurent.coeff (-(((i : Nat) + 1 : Nat) : Int))) /\ (forall i : Fin referencePaperInstancesHRflConcrete.polarProfileLink.profile.terms, (referencePaperInstancesHRflConcrete.polarProfileLink.profile.term i).exponent < 0) /\ referencePaperInstancesHCompletionCertificate.extraction.concrete.principalPart.order = 1"
Mock1_Advanced,36224,order_one_at,H,PaperInstancesHRlfLerchPrincipalStatement,Mock1_Advanced,35849,PROJ,H.2.2,theorem order_one_at (H : PaperInstancesHRlfLerchPrincipalStatement) : referencePaperInstancesHCompletionCertificate.extraction.concrete.principalPart.order = 1,":= (forall i : Fin referencePaperInstancesHRflConcrete.principalPartLink.principal.order, referencePaperInstancesHRflConcrete.principalPartLink.principal.coeffAt i = referencePaperInstancesHRflConcrete.principalPartLink.laurent.coeff (-(((i : Nat) + 1 : Nat) : Int))) /\ (forall i : Fin referencePaperInstancesHRflConcrete.polarProfileLink.profile.terms, (referencePaperInstancesHRflConcrete.polarProfileLink.profile.term i).exponent < 0) /\ referencePaperInstancesHCompletionCertificate.extraction.concrete.principalPart.order = 1"
Mock1_Advanced,36233,integer_solve_at,H,PaperInstancesHRlfFiniteSolveStatement,Mock1_Advanced,35858,PROJ,H.1 i,theorem integer_solve_at (H : PaperInstancesHRlfFiniteSolveStatement) (i : Fin referencePaperInstancesHRflConcrete.principalSystemInt.system.rows) : referencePaperInstancesHRflConcrete.principalSystemInt.system.matrix.mulVec referencePaperInstancesHRflConcrete.principalSystemInt.solution i = referencePaperInstancesHRflConcrete.principalSystemInt.system.rhs i,":= (forall i : Fin referencePaperInstancesHRflConcrete.principalSystemInt.system.rows, referencePaperInstancesHRflConcrete.principalSystemInt.system.matrix.mulVec referencePaperInstancesHRflConcrete.principalSystemInt.solution i = referencePaperInstancesHRflConcrete.principalSystemInt.system.rhs i) /\ (forall i : Fin referencePaperInstancesHRflConcrete.intervalSystemRat.system.rows, referencePaperInstancesHRflConcrete.intervalSystemRat.system.matrix.mulVec referencePaperInstancesHRflConcrete.intervalSystemRat.solution i = referencePaperInstancesHRflConcrete.intervalSystemRat.system.rhs i) /\ (forall i : Fin referencePaperInstancesHRflConcrete.intervalSystemComplex.system.rows, (referencePaperInstancesHRflConcrete.intervalSystemComplex.residual i).Contains 0)"
Mock1_Advanced,36241,rational_solve_at,H,PaperInstancesHRlfFiniteSolveStatement,Mock1_Advanced,35858,PROJ,H.2.1 i,theorem rational_solve_at (H : PaperInstancesHRlfFiniteSolveStatement) (i : Fin referencePaperInstancesHRflConcrete.intervalSystemRat.system.rows) : referencePaperInstancesHRflConcrete.intervalSystemRat.system.matrix.mulVec referencePaperInstancesHRflConcrete.intervalSystemRat.solution i = referencePaperInstancesHRflConcrete.intervalSystemRat.system.rhs i,":= (forall i : Fin referencePaperInstancesHRflConcrete.principalSystemInt.system.rows, referencePaperInstancesHRflConcrete.principalSystemInt.system.matrix.mulVec referencePaperInstancesHRflConcrete.principalSystemInt.solution i = referencePaperInstancesHRflConcrete.principalSystemInt.system.rhs i) /\ (forall i : Fin referencePaperInstancesHRflConcrete.intervalSystemRat.system.rows, referencePaperInstancesHRflConcrete.intervalSystemRat.system.matrix.mulVec referencePaperInstancesHRflConcrete.intervalSystemRat.solution i = referencePaperInstancesHRflConcrete.intervalSystemRat.system.rhs i) /\ (forall i : Fin referencePaperInstancesHRflConcrete.intervalSystemComplex.system.rows, (referencePaperInstancesHRflConcrete.intervalSystemComplex.residual i).Contains 0)"
Mock1_Advanced,36249,complex_residual_zero_at,H,PaperInstancesHRlfFiniteSolveStatement,Mock1_Advanced,35858,PROJ,H.2.2 i,theorem complex_residual_zero_at (H : PaperInstancesHRlfFiniteSolveStatement) (i : Fin referencePaperInstancesHRflConcrete.intervalSystemComplex.system.rows) : (referencePaperInstancesHRflConcrete.intervalSystemComplex.residual i).Contains 0,":= (forall i : Fin referencePaperInstancesHRflConcrete.principalSystemInt.system.rows, referencePaperInstancesHRflConcrete.principalSystemInt.system.matrix.mulVec referencePaperInstancesHRflConcrete.principalSystemInt.solution i = referencePaperInstancesHRflConcrete.principalSystemInt.system.rhs i) /\ (forall i : Fin referencePaperInstancesHRflConcrete.intervalSystemRat.system.rows, referencePaperInstancesHRflConcrete.intervalSystemRat.system.matrix.mulVec referencePaperInstancesHRflConcrete.intervalSystemRat.solution i = referencePaperInstancesHRflConcrete.intervalSystemRat.system.rhs i) /\ (forall i : Fin referencePaperInstancesHRflConcrete.intervalSystemComplex.system.rows, (referencePaperInstancesHRflConcrete.intervalSystemComplex.residual i).Contains 0)"
Mock1_Advanced,36259,equalizer_at,H,PaperInstancesHRlfSPTCRTTorStatement,Mock1_Advanced,35870,PROJ,H.1,theorem equalizer_at (H : PaperInstancesHRlfSPTCRTTorStatement) : ArithmeticEqualizer referencePaperInstancesHRflConcrete.sptIdeal.spt.M (referencePaperInstancesHRflConcrete.sptIdeal.spt.p ^ referencePaperInstancesHRflConcrete.sptIdeal.spt.k) referencePaperInstancesHRflConcrete.sptIdeal.spt.equalizerElement,":= ArithmeticEqualizer referencePaperInstancesHRflConcrete.sptIdeal.spt.M (referencePaperInstancesHRflConcrete.sptIdeal.spt.p ^ referencePaperInstancesHRflConcrete.sptIdeal.spt.k) referencePaperInstancesHRflConcrete.sptIdeal.spt.equalizerElement /\ referencePaperInstancesHRflConcrete.torSurrogate.quotientOrder = Nat.gcd referencePaperInstancesHRflConcrete.spt.M (referencePaperInstancesHRflConcrete.spt.p ^ referencePaperInstancesHRflConcrete.spt.k) /\ (forall i j : Fin referencePaperInstancesHRflConcrete.crtPortfolio.moduliCount, PairCompatible (referencePaperInstancesHRflConcrete.crtPortfolio.modulus i) (referencePaperInstancesHRflConcrete.crtPortfolio.modulus j) (referencePaperInstancesHRflConcrete.crtPortfolio.residue i) (referencePaperInstancesHRflConcrete.crtPortfolio.residue j)) /\ referencePaperInstancesHCompletionCertificate.sptCrt.primeGate = 2 /\ referencePaperInstancesHCompletionCertificate.sptCrt.precision = 1 /\ referencePaperInstancesHCompletionCertificate.sptCrt.obstructionOrder = 1"
Mock1_Advanced,36267,tor_order_gcd_at,H,PaperInstancesHRlfSPTCRTTorStatement,Mock1_Advanced,35870,PROJ,H.2.1,theorem tor_order_gcd_at (H : PaperInstancesHRlfSPTCRTTorStatement) : referencePaperInstancesHRflConcrete.torSurrogate.quotientOrder = Nat.gcd referencePaperInstancesHRflConcrete.spt.M (referencePaperInstancesHRflConcrete.spt.p ^ referencePaperInstancesHRflConcrete.spt.k),":= ArithmeticEqualizer referencePaperInstancesHRflConcrete.sptIdeal.spt.M (referencePaperInstancesHRflConcrete.sptIdeal.spt.p ^ referencePaperInstancesHRflConcrete.sptIdeal.spt.k) referencePaperInstancesHRflConcrete.sptIdeal.spt.equalizerElement /\ referencePaperInstancesHRflConcrete.torSurrogate.quotientOrder = Nat.gcd referencePaperInstancesHRflConcrete.spt.M (referencePaperInstancesHRflConcrete.spt.p ^ referencePaperInstancesHRflConcrete.spt.k) /\ (forall i j : Fin referencePaperInstancesHRflConcrete.crtPortfolio.moduliCount, PairCompatible (referencePaperInstancesHRflConcrete.crtPortfolio.modulus i) (referencePaperInstancesHRflConcrete.crtPortfolio.modulus j) (referencePaperInstancesHRflConcrete.crtPortfolio.residue i) (referencePaperInstancesHRflConcrete.crtPortfolio.residue j)) /\ referencePaperInstancesHCompletionCertificate.sptCrt.primeGate = 2 /\ referencePaperInstancesHCompletionCertificate.sptCrt.precision = 1 /\ referencePaperInstancesHCompletionCertificate.sptCrt.obstructionOrder = 1"
Mock1_Advanced,36275,crt_pairwise_at,H,PaperInstancesHRlfSPTCRTTorStatement,Mock1_Advanced,35870,PROJ,H.2.2.1 i j,theorem crt_pairwise_at (H : PaperInstancesHRlfSPTCRTTorStatement) (i j : Fin referencePaperInstancesHRflConcrete.crtPortfolio.moduliCount) : PairCompatible (referencePaperInstancesHRflConcrete.crtPortfolio.modulus i) (referencePaperInstancesHRflConcrete.crtPortfolio.modulus j) (referencePaperInstancesHRflConcrete.crtPortfolio.residue i) (referencePaperInstancesHRflConcrete.crtPortfolio.residue j),":= ArithmeticEqualizer referencePaperInstancesHRflConcrete.sptIdeal.spt.M (referencePaperInstancesHRflConcrete.sptIdeal.spt.p ^ referencePaperInstancesHRflConcrete.sptIdeal.spt.k) referencePaperInstancesHRflConcrete.sptIdeal.spt.equalizerElement /\ referencePaperInstancesHRflConcrete.torSurrogate.quotientOrder = Nat.gcd referencePaperInstancesHRflConcrete.spt.M (referencePaperInstancesHRflConcrete.spt.p ^ referencePaperInstancesHRflConcrete.spt.k) /\ (forall i j : Fin referencePaperInstancesHRflConcrete.crtPortfolio.moduliCount, PairCompatible (referencePaperInstancesHRflConcrete.crtPortfolio.modulus i) (referencePaperInstancesHRflConcrete.crtPortfolio.modulus j) (referencePaperInstancesHRflConcrete.crtPortfolio.residue i) (referencePaperInstancesHRflConcrete.crtPortfolio.residue j)) /\ referencePaperInstancesHCompletionCertificate.sptCrt.primeGate = 2 /\ referencePaperInstancesHCompletionCertificate.sptCrt.precision = 1 /\ referencePaperInstancesHCompletionCertificate.sptCrt.obstructionOrder = 1"
Mock1_Advanced,36285,prime_gate_two_at,H,PaperInstancesHRlfSPTCRTTorStatement,Mock1_Advanced,35870,PROJ,H.2.2.2.1,theorem prime_gate_two_at (H : PaperInstancesHRlfSPTCRTTorStatement) : referencePaperInstancesHCompletionCertificate.sptCrt.primeGate = 2,":= ArithmeticEqualizer referencePaperInstancesHRflConcrete.sptIdeal.spt.M (referencePaperInstancesHRflConcrete.sptIdeal.spt.p ^ referencePaperInstancesHRflConcrete.sptIdeal.spt.k) referencePaperInstancesHRflConcrete.sptIdeal.spt.equalizerElement /\ referencePaperInstancesHRflConcrete.torSurrogate.quotientOrder = Nat.gcd referencePaperInstancesHRflConcrete.spt.M (referencePaperInstancesHRflConcrete.spt.p ^ referencePaperInstancesHRflConcrete.spt.k) /\ (forall i j : Fin referencePaperInstancesHRflConcrete.crtPortfolio.moduliCount, PairCompatible (referencePaperInstancesHRflConcrete.crtPortfolio.modulus i) (referencePaperInstancesHRflConcrete.crtPortfolio.modulus j) (referencePaperInstancesHRflConcrete.crtPortfolio.residue i) (referencePaperInstancesHRflConcrete.crtPortfolio.residue j)) /\ referencePaperInstancesHCompletionCertificate.sptCrt.primeGate = 2 /\ referencePaperInstancesHCompletionCertificate.sptCrt.precision = 1 /\ referencePaperInstancesHCompletionCertificate.sptCrt.obstructionOrder = 1"
Mock1_Advanced,36290,precision_one_at,H,PaperInstancesHRlfSPTCRTTorStatement,Mock1_Advanced,35870,PROJ,H.2.2.2.2.1,theorem precision_one_at (H : PaperInstancesHRlfSPTCRTTorStatement) : referencePaperInstancesHCompletionCertificate.sptCrt.precision = 1,":= ArithmeticEqualizer referencePaperInstancesHRflConcrete.sptIdeal.spt.M (referencePaperInstancesHRflConcrete.sptIdeal.spt.p ^ referencePaperInstancesHRflConcrete.sptIdeal.spt.k) referencePaperInstancesHRflConcrete.sptIdeal.spt.equalizerElement /\ referencePaperInstancesHRflConcrete.torSurrogate.quotientOrder = Nat.gcd referencePaperInstancesHRflConcrete.spt.M (referencePaperInstancesHRflConcrete.spt.p ^ referencePaperInstancesHRflConcrete.spt.k) /\ (forall i j : Fin referencePaperInstancesHRflConcrete.crtPortfolio.moduliCount, PairCompatible (referencePaperInstancesHRflConcrete.crtPortfolio.modulus i) (referencePaperInstancesHRflConcrete.crtPortfolio.modulus j) (referencePaperInstancesHRflConcrete.crtPortfolio.residue i) (referencePaperInstancesHRflConcrete.crtPortfolio.residue j)) /\ referencePaperInstancesHCompletionCertificate.sptCrt.primeGate = 2 /\ referencePaperInstancesHCompletionCertificate.sptCrt.precision = 1 /\ referencePaperInstancesHCompletionCertificate.sptCrt.obstructionOrder = 1"
Mock1_Advanced,36295,obstruction_one_at,H,PaperInstancesHRlfSPTCRTTorStatement,Mock1_Advanced,35870,PROJ,H.2.2.2.2.2,theorem obstruction_one_at (H : PaperInstancesHRlfSPTCRTTorStatement) : referencePaperInstancesHCompletionCertificate.sptCrt.obstructionOrder = 1,":= ArithmeticEqualizer referencePaperInstancesHRflConcrete.sptIdeal.spt.M (referencePaperInstancesHRflConcrete.sptIdeal.spt.p ^ referencePaperInstancesHRflConcrete.sptIdeal.spt.k) referencePaperInstancesHRflConcrete.sptIdeal.spt.equalizerElement /\ referencePaperInstancesHRflConcrete.torSurrogate.quotientOrder = Nat.gcd referencePaperInstancesHRflConcrete.spt.M (referencePaperInstancesHRflConcrete.spt.p ^ referencePaperInstancesHRflConcrete.spt.k) /\ (forall i j : Fin referencePaperInstancesHRflConcrete.crtPortfolio.moduliCount, PairCompatible (referencePaperInstancesHRflConcrete.crtPortfolio.modulus i) (referencePaperInstancesHRflConcrete.crtPortfolio.modulus j) (referencePaperInstancesHRflConcrete.crtPortfolio.residue i) (referencePaperInstancesHRflConcrete.crtPortfolio.residue j)) /\ referencePaperInstancesHCompletionCertificate.sptCrt.primeGate = 2 /\ referencePaperInstancesHCompletionCertificate.sptCrt.precision = 1 /\ referencePaperInstancesHCompletionCertificate.sptCrt.obstructionOrder = 1"
Mock1_Advanced,36304,overlap_mod_m_at,H,PaperInstancesHRlfPAdicMahlerStatement,Mock1_Advanced,35889,PROJ,H.1.1,theorem overlap_mod_m_at {n : Nat} (H : PaperInstancesHRlfPAdicMahlerStatement n) : IntCongruent referencePaperInstancesHRflConcrete.padicOverlap.M (referencePaperInstancesHRflConcrete.padicOverlap.left n) (referencePaperInstancesHRflConcrete.padicOverlap.right n),:= (IntCongruent referencePaperInstancesHRflConcrete.padicOverlap.M (referencePaperInstancesHRflConcrete.padicOverlap.left n) (referencePaperInstancesHRflConcrete.padicOverlap.right n) /\ IntCongruent (PrimePower referencePaperInstancesHRflConcrete.padicOverlap.p referencePaperInstancesHRflConcrete.padicOverlap.k) (referencePaperInstancesHRflConcrete.padicOverlap.left n) (referencePaperInstancesHRflConcrete.padicOverlap.right n)) /\ IntCongruent (PrimePower referencePaperInstancesHRflConcrete.mahler.p referencePaperInstancesHRflConcrete.mahler.k) (referencePaperInstancesHRflConcrete.mahler.eval n) (referencePaperInstancesHRflConcrete.mahler.target n) /\ referencePaperInstancesHRflConcrete.mahler.eval n = Finset.sum Finset.univ (fun j : Fin referencePaperInstancesHRflConcrete.mahler.length => referencePaperInstancesHRflConcrete.mahler.coeff j * referencePaperInstancesHRflConcrete.mahler.basis j n) /\ FiniteCongruenceMod referencePaperInstancesHRflConcrete.mahlerBinomial.p referencePaperInstancesHRflConcrete.mahlerBinomial.k (referencePaperInstancesHRflConcrete.mahlerBinomial.eval n) (referencePaperInstancesHRflConcrete.mahlerBinomial.target n) /\ referencePaperInstancesHRflConcrete.mahlerBinomial.eval n = Finset.sum Finset.univ (fun j : Fin referencePaperInstancesHRflConcrete.mahlerBinomial.length => referencePaperInstancesHRflConcrete.mahlerBinomial.coeff j * mahlerBinomialBasis (j : Nat) n)
Mock1_Advanced,36311,overlap_prime_power_at,H,PaperInstancesHRlfPAdicMahlerStatement,Mock1_Advanced,35889,PROJ,H.1.2,theorem overlap_prime_power_at {n : Nat} (H : PaperInstancesHRlfPAdicMahlerStatement n) : IntCongruent (PrimePower referencePaperInstancesHRflConcrete.padicOverlap.p referencePaperInstancesHRflConcrete.padicOverlap.k) (referencePaperInstancesHRflConcrete.padicOverlap.left n) (referencePaperInstancesHRflConcrete.padicOverlap.right n),:= (IntCongruent referencePaperInstancesHRflConcrete.padicOverlap.M (referencePaperInstancesHRflConcrete.padicOverlap.left n) (referencePaperInstancesHRflConcrete.padicOverlap.right n) /\ IntCongruent (PrimePower referencePaperInstancesHRflConcrete.padicOverlap.p referencePaperInstancesHRflConcrete.padicOverlap.k) (referencePaperInstancesHRflConcrete.padicOverlap.left n) (referencePaperInstancesHRflConcrete.padicOverlap.right n)) /\ IntCongruent (PrimePower referencePaperInstancesHRflConcrete.mahler.p referencePaperInstancesHRflConcrete.mahler.k) (referencePaperInstancesHRflConcrete.mahler.eval n) (referencePaperInstancesHRflConcrete.mahler.target n) /\ referencePaperInstancesHRflConcrete.mahler.eval n = Finset.sum Finset.univ (fun j : Fin referencePaperInstancesHRflConcrete.mahler.length => referencePaperInstancesHRflConcrete.mahler.coeff j * referencePaperInstancesHRflConcrete.mahler.basis j n) /\ FiniteCongruenceMod referencePaperInstancesHRflConcrete.mahlerBinomial.p referencePaperInstancesHRflConcrete.mahlerBinomial.k (referencePaperInstancesHRflConcrete.mahlerBinomial.eval n) (referencePaperInstancesHRflConcrete.mahlerBinomial.target n) /\ referencePaperInstancesHRflConcrete.mahlerBinomial.eval n = Finset.sum Finset.univ (fun j : Fin referencePaperInstancesHRflConcrete.mahlerBinomial.length => referencePaperInstancesHRflConcrete.mahlerBinomial.coeff j * mahlerBinomialBasis (j : Nat) n)
Mock1_Advanced,36320,mahler_congruence_at,H,PaperInstancesHRlfPAdicMahlerStatement,Mock1_Advanced,35889,PROJ,H.2.1,theorem mahler_congruence_at {n : Nat} (H : PaperInstancesHRlfPAdicMahlerStatement n) : IntCongruent (PrimePower referencePaperInstancesHRflConcrete.mahler.p referencePaperInstancesHRflConcrete.mahler.k) (referencePaperInstancesHRflConcrete.mahler.eval n) (referencePaperInstancesHRflConcrete.mahler.target n),:= (IntCongruent referencePaperInstancesHRflConcrete.padicOverlap.M (referencePaperInstancesHRflConcrete.padicOverlap.left n) (referencePaperInstancesHRflConcrete.padicOverlap.right n) /\ IntCongruent (PrimePower referencePaperInstancesHRflConcrete.padicOverlap.p referencePaperInstancesHRflConcrete.padicOverlap.k) (referencePaperInstancesHRflConcrete.padicOverlap.left n) (referencePaperInstancesHRflConcrete.padicOverlap.right n)) /\ IntCongruent (PrimePower referencePaperInstancesHRflConcrete.mahler.p referencePaperInstancesHRflConcrete.mahler.k) (referencePaperInstancesHRflConcrete.mahler.eval n) (referencePaperInstancesHRflConcrete.mahler.target n) /\ referencePaperInstancesHRflConcrete.mahler.eval n = Finset.sum Finset.univ (fun j : Fin referencePaperInstancesHRflConcrete.mahler.length => referencePaperInstancesHRflConcrete.mahler.coeff j * referencePaperInstancesHRflConcrete.mahler.basis j n) /\ FiniteCongruenceMod referencePaperInstancesHRflConcrete.mahlerBinomial.p referencePaperInstancesHRflConcrete.mahlerBinomial.k (referencePaperInstancesHRflConcrete.mahlerBinomial.eval n) (referencePaperInstancesHRflConcrete.mahlerBinomial.target n) /\ referencePaperInstancesHRflConcrete.mahlerBinomial.eval n = Finset.sum Finset.univ (fun j : Fin referencePaperInstancesHRflConcrete.mahlerBinomial.length => referencePaperInstancesHRflConcrete.mahlerBinomial.coeff j * mahlerBinomialBasis (j : Nat) n)
Mock1_Advanced,36329,mahler_expansion_at,H,PaperInstancesHRlfPAdicMahlerStatement,Mock1_Advanced,35889,PROJ,H.2.2.1,theorem mahler_expansion_at {n : Nat} (H : PaperInstancesHRlfPAdicMahlerStatement n) : referencePaperInstancesHRflConcrete.mahler.eval n = Finset.sum Finset.univ (fun j : Fin referencePaperInstancesHRflConcrete.mahler.length => referencePaperInstancesHRflConcrete.mahler.coeff j * referencePaperInstancesHRflConcrete.mahler.basis j n),:= (IntCongruent referencePaperInstancesHRflConcrete.padicOverlap.M (referencePaperInstancesHRflConcrete.padicOverlap.left n) (referencePaperInstancesHRflConcrete.padicOverlap.right n) /\ IntCongruent (PrimePower referencePaperInstancesHRflConcrete.padicOverlap.p referencePaperInstancesHRflConcrete.padicOverlap.k) (referencePaperInstancesHRflConcrete.padicOverlap.left n) (referencePaperInstancesHRflConcrete.padicOverlap.right n)) /\ IntCongruent (PrimePower referencePaperInstancesHRflConcrete.mahler.p referencePaperInstancesHRflConcrete.mahler.k) (referencePaperInstancesHRflConcrete.mahler.eval n) (referencePaperInstancesHRflConcrete.mahler.target n) /\ referencePaperInstancesHRflConcrete.mahler.eval n = Finset.sum Finset.univ (fun j : Fin referencePaperInstancesHRflConcrete.mahler.length => referencePaperInstancesHRflConcrete.mahler.coeff j * referencePaperInstancesHRflConcrete.mahler.basis j n) /\ FiniteCongruenceMod referencePaperInstancesHRflConcrete.mahlerBinomial.p referencePaperInstancesHRflConcrete.mahlerBinomial.k (referencePaperInstancesHRflConcrete.mahlerBinomial.eval n) (referencePaperInstancesHRflConcrete.mahlerBinomial.target n) /\ referencePaperInstancesHRflConcrete.mahlerBinomial.eval n = Finset.sum Finset.univ (fun j : Fin referencePaperInstancesHRflConcrete.mahlerBinomial.length => referencePaperInstancesHRflConcrete.mahlerBinomial.coeff j * mahlerBinomialBasis (j : Nat) n)
Mock1_Advanced,36338,binomial_congruence_at,H,PaperInstancesHRlfPAdicMahlerStatement,Mock1_Advanced,35889,PROJ,H.2.2.2.1,theorem binomial_congruence_at {n : Nat} (H : PaperInstancesHRlfPAdicMahlerStatement n) : FiniteCongruenceMod referencePaperInstancesHRflConcrete.mahlerBinomial.p referencePaperInstancesHRflConcrete.mahlerBinomial.k (referencePaperInstancesHRflConcrete.mahlerBinomial.eval n) (referencePaperInstancesHRflConcrete.mahlerBinomial.target n),:= (IntCongruent referencePaperInstancesHRflConcrete.padicOverlap.M (referencePaperInstancesHRflConcrete.padicOverlap.left n) (referencePaperInstancesHRflConcrete.padicOverlap.right n) /\ IntCongruent (PrimePower referencePaperInstancesHRflConcrete.padicOverlap.p referencePaperInstancesHRflConcrete.padicOverlap.k) (referencePaperInstancesHRflConcrete.padicOverlap.left n) (referencePaperInstancesHRflConcrete.padicOverlap.right n)) /\ IntCongruent (PrimePower referencePaperInstancesHRflConcrete.mahler.p referencePaperInstancesHRflConcrete.mahler.k) (referencePaperInstancesHRflConcrete.mahler.eval n) (referencePaperInstancesHRflConcrete.mahler.target n) /\ referencePaperInstancesHRflConcrete.mahler.eval n = Finset.sum Finset.univ (fun j : Fin referencePaperInstancesHRflConcrete.mahler.length => referencePaperInstancesHRflConcrete.mahler.coeff j * referencePaperInstancesHRflConcrete.mahler.basis j n) /\ FiniteCongruenceMod referencePaperInstancesHRflConcrete.mahlerBinomial.p referencePaperInstancesHRflConcrete.mahlerBinomial.k (referencePaperInstancesHRflConcrete.mahlerBinomial.eval n) (referencePaperInstancesHRflConcrete.mahlerBinomial.target n) /\ referencePaperInstancesHRflConcrete.mahlerBinomial.eval n = Finset.sum Finset.univ (fun j : Fin referencePaperInstancesHRflConcrete.mahlerBinomial.length => referencePaperInstancesHRflConcrete.mahlerBinomial.coeff j * mahlerBinomialBasis (j : Nat) n)
Mock1_Advanced,36346,binomial_expansion_at,H,PaperInstancesHRlfPAdicMahlerStatement,Mock1_Advanced,35889,PROJ,H.2.2.2.2,theorem binomial_expansion_at {n : Nat} (H : PaperInstancesHRlfPAdicMahlerStatement n) : referencePaperInstancesHRflConcrete.mahlerBinomial.eval n = Finset.sum Finset.univ (fun j : Fin referencePaperInstancesHRflConcrete.mahlerBinomial.length => referencePaperInstancesHRflConcrete.mahlerBinomial.coeff j * mahlerBinomialBasis (j : Nat) n),:= (IntCongruent referencePaperInstancesHRflConcrete.padicOverlap.M (referencePaperInstancesHRflConcrete.padicOverlap.left n) (referencePaperInstancesHRflConcrete.padicOverlap.right n) /\ IntCongruent (PrimePower referencePaperInstancesHRflConcrete.padicOverlap.p referencePaperInstancesHRflConcrete.padicOverlap.k) (referencePaperInstancesHRflConcrete.padicOverlap.left n) (referencePaperInstancesHRflConcrete.padicOverlap.right n)) /\ IntCongruent (PrimePower referencePaperInstancesHRflConcrete.mahler.p referencePaperInstancesHRflConcrete.mahler.k) (referencePaperInstancesHRflConcrete.mahler.eval n) (referencePaperInstancesHRflConcrete.mahler.target n) /\ referencePaperInstancesHRflConcrete.mahler.eval n = Finset.sum Finset.univ (fun j : Fin referencePaperInstancesHRflConcrete.mahler.length => referencePaperInstancesHRflConcrete.mahler.coeff j * referencePaperInstancesHRflConcrete.mahler.basis j n) /\ FiniteCongruenceMod referencePaperInstancesHRflConcrete.mahlerBinomial.p referencePaperInstancesHRflConcrete.mahlerBinomial.k (referencePaperInstancesHRflConcrete.mahlerBinomial.eval n) (referencePaperInstancesHRflConcrete.mahlerBinomial.target n) /\ referencePaperInstancesHRflConcrete.mahlerBinomial.eval n = Finset.sum Finset.univ (fun j : Fin referencePaperInstancesHRflConcrete.mahlerBinomial.length => referencePaperInstancesHRflConcrete.mahlerBinomial.coeff j * mahlerBinomialBasis (j : Nat) n)
Mock1_Advanced,36359,prediction_formula_at,H,PaperInstancesHRlfOlsRowStatement,Mock1_Advanced,35918,PROJ,H.1,theorem prediction_formula_at {i : Fin referencePaperInstancesHRflConcrete.rationalOLS.points} (H : PaperInstancesHRlfOlsRowStatement i) : referencePaperInstancesHRflConcrete.rationalOLS.predictedAt i = referencePaperInstancesHRflConcrete.rationalOLS.alphaHat * (referencePaperInstancesHRflConcrete.rationalOLS.point i).xSqrt - (1 / 2 : Rat) * (referencePaperInstancesHRflConcrete.rationalOLS.point i).xLog + referencePaperInstancesHRflConcrete.rationalOLS.betaHat,:= referencePaperInstancesHRflConcrete.rationalOLS.predictedAt i = referencePaperInstancesHRflConcrete.rationalOLS.alphaHat * (referencePaperInstancesHRflConcrete.rationalOLS.point i).xSqrt - (1 / 2 : Rat) * (referencePaperInstancesHRflConcrete.rationalOLS.point i).xLog + referencePaperInstancesHRflConcrete.rationalOLS.betaHat /\ referencePaperInstancesHRflConcrete.rationalOLS.residual i = (referencePaperInstancesHRflConcrete.rationalOLS.point i).yLogAbsCoeff - referencePaperInstancesHRflConcrete.rationalOLS.predictedAt i /\ |referencePaperInstancesHRflConcrete.rationalOLS.residual i| <= referencePaperInstancesHRflConcrete.rationalOLS.residualBound
Mock1_Advanced,36370,residual_decomposition_at,H,PaperInstancesHRlfOlsRowStatement,Mock1_Advanced,35918,PROJ,H.2.1,theorem residual_decomposition_at {i : Fin referencePaperInstancesHRflConcrete.rationalOLS.points} (H : PaperInstancesHRlfOlsRowStatement i) : referencePaperInstancesHRflConcrete.rationalOLS.residual i = (referencePaperInstancesHRflConcrete.rationalOLS.point i).yLogAbsCoeff - referencePaperInstancesHRflConcrete.rationalOLS.predictedAt i,:= referencePaperInstancesHRflConcrete.rationalOLS.predictedAt i = referencePaperInstancesHRflConcrete.rationalOLS.alphaHat * (referencePaperInstancesHRflConcrete.rationalOLS.point i).xSqrt - (1 / 2 : Rat) * (referencePaperInstancesHRflConcrete.rationalOLS.point i).xLog + referencePaperInstancesHRflConcrete.rationalOLS.betaHat /\ referencePaperInstancesHRflConcrete.rationalOLS.residual i = (referencePaperInstancesHRflConcrete.rationalOLS.point i).yLogAbsCoeff - referencePaperInstancesHRflConcrete.rationalOLS.predictedAt i /\ |referencePaperInstancesHRflConcrete.rationalOLS.residual i| <= referencePaperInstancesHRflConcrete.rationalOLS.residualBound
Mock1_Advanced,36378,residual_bound_at,H,PaperInstancesHRlfOlsRowStatement,Mock1_Advanced,35918,PROJ,H.2.2,theorem residual_bound_at {i : Fin referencePaperInstancesHRflConcrete.rationalOLS.points} (H : PaperInstancesHRlfOlsRowStatement i) : |referencePaperInstancesHRflConcrete.rationalOLS.residual i| <= referencePaperInstancesHRflConcrete.rationalOLS.residualBound,:= referencePaperInstancesHRflConcrete.rationalOLS.predictedAt i = referencePaperInstancesHRflConcrete.rationalOLS.alphaHat * (referencePaperInstancesHRflConcrete.rationalOLS.point i).xSqrt - (1 / 2 : Rat) * (referencePaperInstancesHRflConcrete.rationalOLS.point i).xLog + referencePaperInstancesHRflConcrete.rationalOLS.betaHat /\ referencePaperInstancesHRflConcrete.rationalOLS.residual i = (referencePaperInstancesHRflConcrete.rationalOLS.point i).yLogAbsCoeff - referencePaperInstancesHRflConcrete.rationalOLS.predictedAt i /\ |referencePaperInstancesHRflConcrete.rationalOLS.residual i| <= referencePaperInstancesHRflConcrete.rationalOLS.residualBound
Mock1_Advanced,36389,entropy_limit_at,H,PaperInstancesHRlfEntropyCardyStatement,Mock1_Advanced,35932,PROJ,H.1,theorem entropy_limit_at (H : PaperInstancesHRlfEntropyCardyStatement) : Filter.Tendsto (fun n => Real.log |referencePaperInstancesHRflConcrete.object.coeff n| - referencePaperInstancesHRflConcrete.alpha * Real.sqrt (n : Real) + (1 / 2 : Real) * Real.log (n : Real)) Filter.atTop (nhds referencePaperInstancesHRflConcrete.beta),:= Filter.Tendsto (fun n => Real.log |referencePaperInstancesHRflConcrete.object.coeff n| - referencePaperInstancesHRflConcrete.alpha * Real.sqrt (n : Real) + (1 / 2 : Real) * Real.log (n : Real)) Filter.atTop (nhds referencePaperInstancesHRflConcrete.beta) /\ referencePaperInstancesHCompletionCertificate.analytic.entropyCardy.alphaExtraction.alphaInterval.Contains referencePaperInstancesHCompletionCertificate.analytic.entropyCardy.alphaExtraction.alphaHat /\ referencePaperInstancesHCompletionCertificate.analytic.entropyCardy.cardyConvention.ceffInterval.Contains referencePaperInstancesHCompletionCertificate.analytic.entropyCardy.cardyConvention.ceffHat
Mock1_Advanced,36399,alpha_interval_at,H,PaperInstancesHRlfEntropyCardyStatement,Mock1_Advanced,35932,PROJ,H.2.1,theorem alpha_interval_at (H : PaperInstancesHRlfEntropyCardyStatement) : referencePaperInstancesHCompletionCertificate.analytic.entropyCardy.alphaExtraction.alphaInterval.Contains referencePaperInstancesHCompletionCertificate.analytic.entropyCardy.alphaExtraction.alphaHat,:= Filter.Tendsto (fun n => Real.log |referencePaperInstancesHRflConcrete.object.coeff n| - referencePaperInstancesHRflConcrete.alpha * Real.sqrt (n : Real) + (1 / 2 : Real) * Real.log (n : Real)) Filter.atTop (nhds referencePaperInstancesHRflConcrete.beta) /\ referencePaperInstancesHCompletionCertificate.analytic.entropyCardy.alphaExtraction.alphaInterval.Contains referencePaperInstancesHCompletionCertificate.analytic.entropyCardy.alphaExtraction.alphaHat /\ referencePaperInstancesHCompletionCertificate.analytic.entropyCardy.cardyConvention.ceffInterval.Contains referencePaperInstancesHCompletionCertificate.analytic.entropyCardy.cardyConvention.ceffHat
Mock1_Advanced,36405,ceff_interval_at,H,PaperInstancesHRlfEntropyCardyStatement,Mock1_Advanced,35932,PROJ,H.2.2,theorem ceff_interval_at (H : PaperInstancesHRlfEntropyCardyStatement) : referencePaperInstancesHCompletionCertificate.analytic.entropyCardy.cardyConvention.ceffInterval.Contains referencePaperInstancesHCompletionCertificate.analytic.entropyCardy.cardyConvention.ceffHat,:= Filter.Tendsto (fun n => Real.log |referencePaperInstancesHRflConcrete.object.coeff n| - referencePaperInstancesHRflConcrete.alpha * Real.sqrt (n : Real) + (1 / 2 : Real) * Real.log (n : Real)) Filter.atTop (nhds referencePaperInstancesHRflConcrete.beta) /\ referencePaperInstancesHCompletionCertificate.analytic.entropyCardy.alphaExtraction.alphaInterval.Contains referencePaperInstancesHCompletionCertificate.analytic.entropyCardy.alphaExtraction.alphaHat /\ referencePaperInstancesHCompletionCertificate.analytic.entropyCardy.cardyConvention.ceffInterval.Contains referencePaperInstancesHCompletionCertificate.analytic.entropyCardy.cardyConvention.ceffHat
Mock1_Advanced,36415,object_name_at,H,PaperInstancesHRlfFinalInstanceStatement,Mock1_Advanced,35944,PROJ,H.1,theorem object_name_at (H : PaperInstancesHRlfFinalInstanceStatement) : referencePaperInstancesHCompletionCertificate.extraction.concrete.paperObjectName = referencePaperInstancesHCompletionCertificate.extraction.concrete.object.name,:= referencePaperInstancesHCompletionCertificate.extraction.concrete.paperObjectName = referencePaperInstancesHCompletionCertificate.extraction.concrete.object.name /\ referencePaperInstancesHCompletionCertificate.extraction.concrete.principalPart.order = 1 /\ referencePaperInstancesHCompletionCertificate.extraction.concrete.rationalOLS.alphaInterval.Contains referencePaperInstancesHCompletionCertificate.extraction.concrete.rationalOLS.alphaHat /\ referencePaperInstancesHCompletionCertificate.extraction.concrete.rationalOLS.betaInterval.Contains referencePaperInstancesHCompletionCertificate.extraction.concrete.rationalOLS.betaHat
Mock1_Advanced,36421,principal_order_one_at,H,PaperInstancesHRlfFinalInstanceStatement,Mock1_Advanced,35944,PROJ,H.2.1,theorem principal_order_one_at (H : PaperInstancesHRlfFinalInstanceStatement) : referencePaperInstancesHCompletionCertificate.extraction.concrete.principalPart.order = 1,:= referencePaperInstancesHCompletionCertificate.extraction.concrete.paperObjectName = referencePaperInstancesHCompletionCertificate.extraction.concrete.object.name /\ referencePaperInstancesHCompletionCertificate.extraction.concrete.principalPart.order = 1 /\ referencePaperInstancesHCompletionCertificate.extraction.concrete.rationalOLS.alphaInterval.Contains referencePaperInstancesHCompletionCertificate.extraction.concrete.rationalOLS.alphaHat /\ referencePaperInstancesHCompletionCertificate.extraction.concrete.rationalOLS.betaInterval.Contains referencePaperInstancesHCompletionCertificate.extraction.concrete.rationalOLS.betaHat
Mock1_Advanced,36426,alpha_interval_at,H,PaperInstancesHRlfFinalInstanceStatement,Mock1_Advanced,35944,PROJ,H.2.2.1,theorem alpha_interval_at (H : PaperInstancesHRlfFinalInstanceStatement) : referencePaperInstancesHCompletionCertificate.extraction.concrete.rationalOLS.alphaInterval.Contains referencePaperInstancesHCompletionCertificate.extraction.concrete.rationalOLS.alphaHat,:= referencePaperInstancesHCompletionCertificate.extraction.concrete.paperObjectName = referencePaperInstancesHCompletionCertificate.extraction.concrete.object.name /\ referencePaperInstancesHCompletionCertificate.extraction.concrete.principalPart.order = 1 /\ referencePaperInstancesHCompletionCertificate.extraction.concrete.rationalOLS.alphaInterval.Contains referencePaperInstancesHCompletionCertificate.extraction.concrete.rationalOLS.alphaHat /\ referencePaperInstancesHCompletionCertificate.extraction.concrete.rationalOLS.betaInterval.Contains referencePaperInstancesHCompletionCertificate.extraction.concrete.rationalOLS.betaHat
Mock1_Advanced,36432,beta_interval_at,H,PaperInstancesHRlfFinalInstanceStatement,Mock1_Advanced,35944,PROJ,H.2.2.2,theorem beta_interval_at (H : PaperInstancesHRlfFinalInstanceStatement) : referencePaperInstancesHCompletionCertificate.extraction.concrete.rationalOLS.betaInterval.Contains referencePaperInstancesHCompletionCertificate.extraction.concrete.rationalOLS.betaHat,:= referencePaperInstancesHCompletionCertificate.extraction.concrete.paperObjectName = referencePaperInstancesHCompletionCertificate.extraction.concrete.object.name /\ referencePaperInstancesHCompletionCertificate.extraction.concrete.principalPart.order = 1 /\ referencePaperInstancesHCompletionCertificate.extraction.concrete.rationalOLS.alphaInterval.Contains referencePaperInstancesHCompletionCertificate.extraction.concrete.rationalOLS.alphaHat /\ referencePaperInstancesHCompletionCertificate.extraction.concrete.rationalOLS.betaInterval.Contains referencePaperInstancesHCompletionCertificate.extraction.concrete.rationalOLS.betaHat
Mock1_Advanced,36442,tail_at,H,PaperInstancesHRlfChannelStatement,Mock1_Advanced,35953,PROJ,H.1,theorem tail_at (H : PaperInstancesHRlfChannelStatement) : PaperInstancesHRlfTailStatement,:= PaperInstancesHRlfTailStatement /\ PaperInstancesHRlfLerchPrincipalStatement /\ PaperInstancesHRlfFiniteSolveStatement /\ PaperInstancesHRlfSPTCRTTorStatement
Mock1_Advanced,36447,lerch_principal_at,H,PaperInstancesHRlfChannelStatement,Mock1_Advanced,35953,PROJ,H.2.1,theorem lerch_principal_at (H : PaperInstancesHRlfChannelStatement) : PaperInstancesHRlfLerchPrincipalStatement,:= PaperInstancesHRlfTailStatement /\ PaperInstancesHRlfLerchPrincipalStatement /\ PaperInstancesHRlfFiniteSolveStatement /\ PaperInstancesHRlfSPTCRTTorStatement
Mock1_Advanced,36452,finite_solve_at,H,PaperInstancesHRlfChannelStatement,Mock1_Advanced,35953,PROJ,H.2.2.1,theorem finite_solve_at (H : PaperInstancesHRlfChannelStatement) : PaperInstancesHRlfFiniteSolveStatement,:= PaperInstancesHRlfTailStatement /\ PaperInstancesHRlfLerchPrincipalStatement /\ PaperInstancesHRlfFiniteSolveStatement /\ PaperInstancesHRlfSPTCRTTorStatement
Mock1_Advanced,36457,spt_crt_tor_at,H,PaperInstancesHRlfChannelStatement,Mock1_Advanced,35953,PROJ,H.2.2.2,theorem spt_crt_tor_at (H : PaperInstancesHRlfChannelStatement) : PaperInstancesHRlfSPTCRTTorStatement,:= PaperInstancesHRlfTailStatement /\ PaperInstancesHRlfLerchPrincipalStatement /\ PaperInstancesHRlfFiniteSolveStatement /\ PaperInstancesHRlfSPTCRTTorStatement
Mock1_Advanced,36474,coefficient_at,H,PaperInstancesHRlfSpineRowStatement,Mock1_Advanced,35959,PROJ,H.1,theorem coefficient_at {n : Nat} {i : Fin referencePaperInstancesHRflConcrete.rationalOLS.points} (H : PaperInstancesHRlfSpineRowStatement n i) : PaperInstancesHRlfCoefficientStatement n,:= PaperInstancesHRlfCoefficientStatement n /\ PaperInstancesHRlfPAdicMahlerStatement n /\ PaperInstancesHRlfOlsRowStatement i /\ PaperInstancesHRlfEntropyCardyStatement /\ PaperInstancesHRlfFinalInstanceStatement
Mock1_Advanced,36480,padic_mahler_at,H,PaperInstancesHRlfSpineRowStatement,Mock1_Advanced,35959,PROJ,H.2.1,theorem padic_mahler_at {n : Nat} {i : Fin referencePaperInstancesHRflConcrete.rationalOLS.points} (H : PaperInstancesHRlfSpineRowStatement n i) : PaperInstancesHRlfPAdicMahlerStatement n,:= PaperInstancesHRlfCoefficientStatement n /\ PaperInstancesHRlfPAdicMahlerStatement n /\ PaperInstancesHRlfOlsRowStatement i /\ PaperInstancesHRlfEntropyCardyStatement /\ PaperInstancesHRlfFinalInstanceStatement
Mock1_Advanced,36486,ols_row_at,H,PaperInstancesHRlfSpineRowStatement,Mock1_Advanced,35959,PROJ,H.2.2.1,theorem ols_row_at {n : Nat} {i : Fin referencePaperInstancesHRflConcrete.rationalOLS.points} (H : PaperInstancesHRlfSpineRowStatement n i) : PaperInstancesHRlfOlsRowStatement i,:= PaperInstancesHRlfCoefficientStatement n /\ PaperInstancesHRlfPAdicMahlerStatement n /\ PaperInstancesHRlfOlsRowStatement i /\ PaperInstancesHRlfEntropyCardyStatement /\ PaperInstancesHRlfFinalInstanceStatement
Mock1_Advanced,36492,entropy_cardy_at,H,PaperInstancesHRlfSpineRowStatement,Mock1_Advanced,35959,PROJ,H.2.2.2.1,theorem entropy_cardy_at {n : Nat} {i : Fin referencePaperInstancesHRflConcrete.rationalOLS.points} (H : PaperInstancesHRlfSpineRowStatement n i) : PaperInstancesHRlfEntropyCardyStatement,:= PaperInstancesHRlfCoefficientStatement n /\ PaperInstancesHRlfPAdicMahlerStatement n /\ PaperInstancesHRlfOlsRowStatement i /\ PaperInstancesHRlfEntropyCardyStatement /\ PaperInstancesHRlfFinalInstanceStatement
Mock1_Advanced,36498,final_instance_at,H,PaperInstancesHRlfSpineRowStatement,Mock1_Advanced,35959,PROJ,H.2.2.2.2,theorem final_instance_at {n : Nat} {i : Fin referencePaperInstancesHRflConcrete.rationalOLS.points} (H : PaperInstancesHRlfSpineRowStatement n i) : PaperInstancesHRlfFinalInstanceStatement,:= PaperInstancesHRlfCoefficientStatement n /\ PaperInstancesHRlfPAdicMahlerStatement n /\ PaperInstancesHRlfOlsRowStatement i /\ PaperInstancesHRlfEntropyCardyStatement /\ PaperInstancesHRlfFinalInstanceStatement
Mock1_Advanced,45249,claim_registry_at,P,AdvancedClaimsIIObjectSchemaPromptObjective,Mock1_Advanced,44914,PROJ,P.1 claim,theorem claim_registry_at {C : AdvancedClaimsIICompletionCertificate} (P : AdvancedClaimsIIObjectSchemaPromptObjective C) (claim : RemainingAdvancedClaim) : List.Mem claim C.advanced.registry.requirements,":= (forall claim : RemainingAdvancedClaim, List.Mem claim C.advanced.registry.requirements) /\ (forall n, C.advanced.objectSchema.coefficientAt n = C.advanced.objectSchema.object.coeff n) /\ ( C.paperInstance.extraction.concrete = C.paperInstance.namedInstance.concrete /\ C.paperInstance.family = C.paperInstance.namedInstance.family /\ C.paperInstance.family.objectName = referenceMock1DepthOneObjectName /\ C.paperInstance.family.familyName = referenceMock1DepthOneFamilyName /\ Not (C.paperInstance.family.sourceName = """") ) /\ (forall n, C.advanced.degeneracyRelation.jacobiCoeff n C.advanced.degeneracyRelation.ellStar = C.advanced.degeneracyRelation.scalarCoeff n)"
Mock1_Advanced,45256,coefficient_schema_at,P,AdvancedClaimsIIObjectSchemaPromptObjective,Mock1_Advanced,44914,PROJ,P.2.1 n,theorem coefficient_schema_at {C : AdvancedClaimsIICompletionCertificate} (P : AdvancedClaimsIIObjectSchemaPromptObjective C) (n : Nat) : C.advanced.objectSchema.coefficientAt n = C.advanced.objectSchema.object.coeff n,":= (forall claim : RemainingAdvancedClaim, List.Mem claim C.advanced.registry.requirements) /\ (forall n, C.advanced.objectSchema.coefficientAt n = C.advanced.objectSchema.object.coeff n) /\ ( C.paperInstance.extraction.concrete = C.paperInstance.namedInstance.concrete /\ C.paperInstance.family = C.paperInstance.namedInstance.family /\ C.paperInstance.family.objectName = referenceMock1DepthOneObjectName /\ C.paperInstance.family.familyName = referenceMock1DepthOneFamilyName /\ Not (C.paperInstance.family.sourceName = """") ) /\ (forall n, C.advanced.degeneracyRelation.jacobiCoeff n C.advanced.degeneracyRelation.ellStar = C.advanced.degeneracyRelation.scalarCoeff n)"
Mock1_Advanced,45263,paper_object_data_instance_at,P,AdvancedClaimsIIObjectSchemaPromptObjective,Mock1_Advanced,44914,PROJ,P.2.2.1,"theorem paper_object_data_instance_at {C : AdvancedClaimsIICompletionCertificate} (P : AdvancedClaimsIIObjectSchemaPromptObjective C) : ( C.paperInstance.extraction.concrete = C.paperInstance.namedInstance.concrete /\ C.paperInstance.family = C.paperInstance.namedInstance.family /\ C.paperInstance.family.objectName = referenceMock1DepthOneObjectName /\ C.paperInstance.family.familyName = referenceMock1DepthOneFamilyName /\ Not (C.paperInstance.family.sourceName = """") )",":= (forall claim : RemainingAdvancedClaim, List.Mem claim C.advanced.registry.requirements) /\ (forall n, C.advanced.objectSchema.coefficientAt n = C.advanced.objectSchema.object.coeff n) /\ ( C.paperInstance.extraction.concrete = C.paperInstance.namedInstance.concrete /\ C.paperInstance.family = C.paperInstance.namedInstance.family /\ C.paperInstance.family.objectName = referenceMock1DepthOneObjectName /\ C.paperInstance.family.familyName = referenceMock1DepthOneFamilyName /\ Not (C.paperInstance.family.sourceName = """") ) /\ (forall n, C.advanced.degeneracyRelation.jacobiCoeff n C.advanced.degeneracyRelation.ellStar = C.advanced.degeneracyRelation.scalarCoeff n)"
Mock1_Advanced,45279,scalar_jacobi_degeneracy_at,P,AdvancedClaimsIIObjectSchemaPromptObjective,Mock1_Advanced,44914,PROJ,P.2.2.2 n,theorem scalar_jacobi_degeneracy_at {C : AdvancedClaimsIICompletionCertificate} (P : AdvancedClaimsIIObjectSchemaPromptObjective C) (n : Nat) : C.advanced.degeneracyRelation.jacobiCoeff n C.advanced.degeneracyRelation.ellStar = C.advanced.degeneracyRelation.scalarCoeff n,":= (forall claim : RemainingAdvancedClaim, List.Mem claim C.advanced.registry.requirements) /\ (forall n, C.advanced.objectSchema.coefficientAt n = C.advanced.objectSchema.object.coeff n) /\ ( C.paperInstance.extraction.concrete = C.paperInstance.namedInstance.concrete /\ C.paperInstance.family = C.paperInstance.namedInstance.family /\ C.paperInstance.family.objectName = referenceMock1DepthOneObjectName /\ C.paperInstance.family.familyName = referenceMock1DepthOneFamilyName /\ Not (C.paperInstance.family.sourceName = """") ) /\ (forall n, C.advanced.degeneracyRelation.jacobiCoeff n C.advanced.degeneracyRelation.ellStar = C.advanced.degeneracyRelation.scalarCoeff n)"
Mock1_Advanced,45291,principal_part_rational_solve_at,P,AdvancedClaimsIIT1T5PromptObjective,Mock1_Advanced,44935,PROJ,P.1,theorem principal_part_rational_solve_at {C : AdvancedClaimsIICompletionCertificate} (P : AdvancedClaimsIIT1T5PromptObjective C) : ( MatVecRat C.advanced.rationalSolve.matrix C.advanced.rationalSolve.solution = C.advanced.rationalSolve.rhs ),":= ( MatVecRat C.advanced.rationalSolve.matrix C.advanced.rationalSolve.solution = C.advanced.rationalSolve.rhs ) /\ ( C.advanced.completionShadow.blockSum = 0 /\ forall x, C.advanced.completionShadow.shadow.xiFhat x = 0 ) /\ ( C.advanced.cuspTransport.t4.transportFamily.stacked.rowCount = C.advanced.cuspTransport.t4.transportFamily.transports.length /\ C.advanced.cuspTransport.t4.tailTracking.tail.tail.cutoff = C.advanced.cuspTransport.t4.tailTracking.kernel.level ) /\ ( List.Mem C.advanced.appellLerch.m referenceMock1MList /\ List.Mem C.advanced.appellLerch.r referenceMock1RPhases /\ C.advanced.appellLerch.uTauCoeff - C.advanced.appellLerch.vTauCoeff = 0 /\ C.advanced.appellLerch.uConst - C.advanced.appellLerch.vConst = C.advanced.appellLerch.z0 ) /\ ( C.advanced.exponentFormula.exponent = paperPrincipalExponent C.advanced.exponentFormula.n C.advanced.exponentFormula.ell C.advanced.exponentFormula.m /\ C.advanced.exponentFormula.exponent < 0 ) /\ ( MatVecRat C.advanced.rationalSolve.matrix C.advanced.rationalSolve.solution = C.advanced.rationalSolve.rhs ) /\ ( Not (C.advanced.fixedShadow.thetaSymbol = """") /\ C.advanced.fixedShadow.z0 = (-1 / 2 : Rat) /\ C.advanced.fixedShadow.nonzeroCase /\ Not (C.advanced.fixedShadow.scale = 0) ) /\ (forall n, ( C.advanced.insideOutside.inside.coeff n = C.advanced.insideOutside.outside.coeff n /\ C.advanced.insideOutside.outside.coeff n = C.advanced.insideOutside.partialTheta.coeff n - C.advanced.insideOutside.correction.coeff n ))"
Mock1_Advanced,45301,completion_shadow_holomorphic_at,P,AdvancedClaimsIIT1T5PromptObjective,Mock1_Advanced,44935,PROJ,P.2.1,"theorem completion_shadow_holomorphic_at {C : AdvancedClaimsIICompletionCertificate} (P : AdvancedClaimsIIT1T5PromptObjective C) : ( C.advanced.completionShadow.blockSum = 0 /\ forall x, C.advanced.completionShadow.shadow.xiFhat x = 0 )",":= ( MatVecRat C.advanced.rationalSolve.matrix C.advanced.rationalSolve.solution = C.advanced.rationalSolve.rhs ) /\ ( C.advanced.completionShadow.blockSum = 0 /\ forall x, C.advanced.completionShadow.shadow.xiFhat x = 0 ) /\ ( C.advanced.cuspTransport.t4.transportFamily.stacked.rowCount = C.advanced.cuspTransport.t4.transportFamily.transports.length /\ C.advanced.cuspTransport.t4.tailTracking.tail.tail.cutoff = C.advanced.cuspTransport.t4.tailTracking.kernel.level ) /\ ( List.Mem C.advanced.appellLerch.m referenceMock1MList /\ List.Mem C.advanced.appellLerch.r referenceMock1RPhases /\ C.advanced.appellLerch.uTauCoeff - C.advanced.appellLerch.vTauCoeff = 0 /\ C.advanced.appellLerch.uConst - C.advanced.appellLerch.vConst = C.advanced.appellLerch.z0 ) /\ ( C.advanced.exponentFormula.exponent = paperPrincipalExponent C.advanced.exponentFormula.n C.advanced.exponentFormula.ell C.advanced.exponentFormula.m /\ C.advanced.exponentFormula.exponent < 0 ) /\ ( MatVecRat C.advanced.rationalSolve.matrix C.advanced.rationalSolve.solution = C.advanced.rationalSolve.rhs ) /\ ( Not (C.advanced.fixedShadow.thetaSymbol = """") /\ C.advanced.fixedShadow.z0 = (-1 / 2 : Rat) /\ C.advanced.fixedShadow.nonzeroCase /\ Not (C.advanced.fixedShadow.scale = 0) ) /\ (forall n, ( C.advanced.insideOutside.inside.coeff n = C.advanced.insideOutside.outside.coeff n /\ C.advanced.insideOutside.outside.coeff n = C.advanced.insideOutside.partialTheta.coeff n - C.advanced.insideOutside.correction.coeff n ))"
Mock1_Advanced,45310,cusp_transport_at,P,AdvancedClaimsIIT1T5PromptObjective,Mock1_Advanced,44935,PROJ,P.2.2.1,theorem cusp_transport_at {C : AdvancedClaimsIICompletionCertificate} (P : AdvancedClaimsIIT1T5PromptObjective C) : ( C.advanced.cuspTransport.t4.transportFamily.stacked.rowCount = C.advanced.cuspTransport.t4.transportFamily.transports.length /\ C.advanced.cuspTransport.t4.tailTracking.tail.tail.cutoff = C.advanced.cuspTransport.t4.tailTracking.kernel.level ),":= ( MatVecRat C.advanced.rationalSolve.matrix C.advanced.rationalSolve.solution = C.advanced.rationalSolve.rhs ) /\ ( C.advanced.completionShadow.blockSum = 0 /\ forall x, C.advanced.completionShadow.shadow.xiFhat x = 0 ) /\ ( C.advanced.cuspTransport.t4.transportFamily.stacked.rowCount = C.advanced.cuspTransport.t4.transportFamily.transports.length /\ C.advanced.cuspTransport.t4.tailTracking.tail.tail.cutoff = C.advanced.cuspTransport.t4.tailTracking.kernel.level ) /\ ( List.Mem C.advanced.appellLerch.m referenceMock1MList /\ List.Mem C.advanced.appellLerch.r referenceMock1RPhases /\ C.advanced.appellLerch.uTauCoeff - C.advanced.appellLerch.vTauCoeff = 0 /\ C.advanced.appellLerch.uConst - C.advanced.appellLerch.vConst = C.advanced.appellLerch.z0 ) /\ ( C.advanced.exponentFormula.exponent = paperPrincipalExponent C.advanced.exponentFormula.n C.advanced.exponentFormula.ell C.advanced.exponentFormula.m /\ C.advanced.exponentFormula.exponent < 0 ) /\ ( MatVecRat C.advanced.rationalSolve.matrix C.advanced.rationalSolve.solution = C.advanced.rationalSolve.rhs ) /\ ( Not (C.advanced.fixedShadow.thetaSymbol = """") /\ C.advanced.fixedShadow.z0 = (-1 / 2 : Rat) /\ C.advanced.fixedShadow.nonzeroCase /\ Not (C.advanced.fixedShadow.scale = 0) ) /\ (forall n, ( C.advanced.insideOutside.inside.coeff n = C.advanced.insideOutside.outside.coeff n /\ C.advanced.insideOutside.outside.coeff n = C.advanced.insideOutside.partialTheta.coeff n - C.advanced.insideOutside.correction.coeff n ))"
Mock1_Advanced,45321,appell_lerch_block_formula_at,P,AdvancedClaimsIIT1T5PromptObjective,Mock1_Advanced,44935,PROJ,P.2.2.2.1,theorem appell_lerch_block_formula_at {C : AdvancedClaimsIICompletionCertificate} (P : AdvancedClaimsIIT1T5PromptObjective C) : ( List.Mem C.advanced.appellLerch.m referenceMock1MList /\ List.Mem C.advanced.appellLerch.r referenceMock1RPhases /\ C.advanced.appellLerch.uTauCoeff - C.advanced.appellLerch.vTauCoeff = 0 /\ C.advanced.appellLerch.uConst - C.advanced.appellLerch.vConst = C.advanced.appellLerch.z0 ),":= ( MatVecRat C.advanced.rationalSolve.matrix C.advanced.rationalSolve.solution = C.advanced.rationalSolve.rhs ) /\ ( C.advanced.completionShadow.blockSum = 0 /\ forall x, C.advanced.completionShadow.shadow.xiFhat x = 0 ) /\ ( C.advanced.cuspTransport.t4.transportFamily.stacked.rowCount = C.advanced.cuspTransport.t4.transportFamily.transports.length /\ C.advanced.cuspTransport.t4.tailTracking.tail.tail.cutoff = C.advanced.cuspTransport.t4.tailTracking.kernel.level ) /\ ( List.Mem C.advanced.appellLerch.m referenceMock1MList /\ List.Mem C.advanced.appellLerch.r referenceMock1RPhases /\ C.advanced.appellLerch.uTauCoeff - C.advanced.appellLerch.vTauCoeff = 0 /\ C.advanced.appellLerch.uConst - C.advanced.appellLerch.vConst = C.advanced.appellLerch.z0 ) /\ ( C.advanced.exponentFormula.exponent = paperPrincipalExponent C.advanced.exponentFormula.n C.advanced.exponentFormula.ell C.advanced.exponentFormula.m /\ C.advanced.exponentFormula.exponent < 0 ) /\ ( MatVecRat C.advanced.rationalSolve.matrix C.advanced.rationalSolve.solution = C.advanced.rationalSolve.rhs ) /\ ( Not (C.advanced.fixedShadow.thetaSymbol = """") /\ C.advanced.fixedShadow.z0 = (-1 / 2 : Rat) /\ C.advanced.fixedShadow.nonzeroCase /\ Not (C.advanced.fixedShadow.scale = 0) ) /\ (forall n, ( C.advanced.insideOutside.inside.coeff n = C.advanced.insideOutside.outside.coeff n /\ C.advanced.insideOutside.outside.coeff n = C.advanced.insideOutside.partialTheta.coeff n - C.advanced.insideOutside.correction.coeff n ))"
Mock1_Advanced,45335,principal_exponent_formula_at,P,AdvancedClaimsIIT1T5PromptObjective,Mock1_Advanced,44935,PROJ,P.2.2.2.2.1,theorem principal_exponent_formula_at {C : AdvancedClaimsIICompletionCertificate} (P : AdvancedClaimsIIT1T5PromptObjective C) : ( C.advanced.exponentFormula.exponent = paperPrincipalExponent C.advanced.exponentFormula.n C.advanced.exponentFormula.ell C.advanced.exponentFormula.m /\ C.advanced.exponentFormula.exponent < 0 ),":= ( MatVecRat C.advanced.rationalSolve.matrix C.advanced.rationalSolve.solution = C.advanced.rationalSolve.rhs ) /\ ( C.advanced.completionShadow.blockSum = 0 /\ forall x, C.advanced.completionShadow.shadow.xiFhat x = 0 ) /\ ( C.advanced.cuspTransport.t4.transportFamily.stacked.rowCount = C.advanced.cuspTransport.t4.transportFamily.transports.length /\ C.advanced.cuspTransport.t4.tailTracking.tail.tail.cutoff = C.advanced.cuspTransport.t4.tailTracking.kernel.level ) /\ ( List.Mem C.advanced.appellLerch.m referenceMock1MList /\ List.Mem C.advanced.appellLerch.r referenceMock1RPhases /\ C.advanced.appellLerch.uTauCoeff - C.advanced.appellLerch.vTauCoeff = 0 /\ C.advanced.appellLerch.uConst - C.advanced.appellLerch.vConst = C.advanced.appellLerch.z0 ) /\ ( C.advanced.exponentFormula.exponent = paperPrincipalExponent C.advanced.exponentFormula.n C.advanced.exponentFormula.ell C.advanced.exponentFormula.m /\ C.advanced.exponentFormula.exponent < 0 ) /\ ( MatVecRat C.advanced.rationalSolve.matrix C.advanced.rationalSolve.solution = C.advanced.rationalSolve.rhs ) /\ ( Not (C.advanced.fixedShadow.thetaSymbol = """") /\ C.advanced.fixedShadow.z0 = (-1 / 2 : Rat) /\ C.advanced.fixedShadow.nonzeroCase /\ Not (C.advanced.fixedShadow.scale = 0) ) /\ (forall n, ( C.advanced.insideOutside.inside.coeff n = C.advanced.insideOutside.outside.coeff n /\ C.advanced.insideOutside.outside.coeff n = C.advanced.insideOutside.partialTheta.coeff n - C.advanced.insideOutside.correction.coeff n ))"
Mock1_Advanced,45347,paper_matrix_rhs_solution_at,P,AdvancedClaimsIIT1T5PromptObjective,Mock1_Advanced,44935,PROJ,P.2.2.2.2.2.1,theorem paper_matrix_rhs_solution_at {C : AdvancedClaimsIICompletionCertificate} (P : AdvancedClaimsIIT1T5PromptObjective C) : ( MatVecRat C.advanced.rationalSolve.matrix C.advanced.rationalSolve.solution = C.advanced.rationalSolve.rhs ),":= ( MatVecRat C.advanced.rationalSolve.matrix C.advanced.rationalSolve.solution = C.advanced.rationalSolve.rhs ) /\ ( C.advanced.completionShadow.blockSum = 0 /\ forall x, C.advanced.completionShadow.shadow.xiFhat x = 0 ) /\ ( C.advanced.cuspTransport.t4.transportFamily.stacked.rowCount = C.advanced.cuspTransport.t4.transportFamily.transports.length /\ C.advanced.cuspTransport.t4.tailTracking.tail.tail.cutoff = C.advanced.cuspTransport.t4.tailTracking.kernel.level ) /\ ( List.Mem C.advanced.appellLerch.m referenceMock1MList /\ List.Mem C.advanced.appellLerch.r referenceMock1RPhases /\ C.advanced.appellLerch.uTauCoeff - C.advanced.appellLerch.vTauCoeff = 0 /\ C.advanced.appellLerch.uConst - C.advanced.appellLerch.vConst = C.advanced.appellLerch.z0 ) /\ ( C.advanced.exponentFormula.exponent = paperPrincipalExponent C.advanced.exponentFormula.n C.advanced.exponentFormula.ell C.advanced.exponentFormula.m /\ C.advanced.exponentFormula.exponent < 0 ) /\ ( MatVecRat C.advanced.rationalSolve.matrix C.advanced.rationalSolve.solution = C.advanced.rationalSolve.rhs ) /\ ( Not (C.advanced.fixedShadow.thetaSymbol = """") /\ C.advanced.fixedShadow.z0 = (-1 / 2 : Rat) /\ C.advanced.fixedShadow.nonzeroCase /\ Not (C.advanced.fixedShadow.scale = 0) ) /\ (forall n, ( C.advanced.insideOutside.inside.coeff n = C.advanced.insideOutside.outside.coeff n /\ C.advanced.insideOutside.outside.coeff n = C.advanced.insideOutside.partialTheta.coeff n - C.advanced.insideOutside.correction.coeff n ))"
Mock1_Advanced,45357,fixed_shadow_unary_theta_at,P,AdvancedClaimsIIT1T5PromptObjective,Mock1_Advanced,44935,PROJ,P.2.2.2.2.2.2.1,"theorem fixed_shadow_unary_theta_at {C : AdvancedClaimsIICompletionCertificate} (P : AdvancedClaimsIIT1T5PromptObjective C) : ( Not (C.advanced.fixedShadow.thetaSymbol = """") /\ C.advanced.fixedShadow.z0 = (-1 / 2 : Rat) /\ C.advanced.fixedShadow.nonzeroCase /\ Not (C.advanced.fixedShadow.scale = 0) )",":= ( MatVecRat C.advanced.rationalSolve.matrix C.advanced.rationalSolve.solution = C.advanced.rationalSolve.rhs ) /\ ( C.advanced.completionShadow.blockSum = 0 /\ forall x, C.advanced.completionShadow.shadow.xiFhat x = 0 ) /\ ( C.advanced.cuspTransport.t4.transportFamily.stacked.rowCount = C.advanced.cuspTransport.t4.transportFamily.transports.length /\ C.advanced.cuspTransport.t4.tailTracking.tail.tail.cutoff = C.advanced.cuspTransport.t4.tailTracking.kernel.level ) /\ ( List.Mem C.advanced.appellLerch.m referenceMock1MList /\ List.Mem C.advanced.appellLerch.r referenceMock1RPhases /\ C.advanced.appellLerch.uTauCoeff - C.advanced.appellLerch.vTauCoeff = 0 /\ C.advanced.appellLerch.uConst - C.advanced.appellLerch.vConst = C.advanced.appellLerch.z0 ) /\ ( C.advanced.exponentFormula.exponent = paperPrincipalExponent C.advanced.exponentFormula.n C.advanced.exponentFormula.ell C.advanced.exponentFormula.m /\ C.advanced.exponentFormula.exponent < 0 ) /\ ( MatVecRat C.advanced.rationalSolve.matrix C.advanced.rationalSolve.solution = C.advanced.rationalSolve.rhs ) /\ ( Not (C.advanced.fixedShadow.thetaSymbol = """") /\ C.advanced.fixedShadow.z0 = (-1 / 2 : Rat) /\ C.advanced.fixedShadow.nonzeroCase /\ Not (C.advanced.fixedShadow.scale = 0) ) /\ (forall n, ( C.advanced.insideOutside.inside.coeff n = C.advanced.insideOutside.outside.coeff n /\ C.advanced.insideOutside.outside.coeff n = C.advanced.insideOutside.partialTheta.coeff n - C.advanced.insideOutside.correction.coeff n ))"
Mock1_Advanced,45368,inside_outside_qseries_at,P,AdvancedClaimsIIT1T5PromptObjective,Mock1_Advanced,44935,PROJ,P.2.2.2.2.2.2.2 n,theorem inside_outside_qseries_at {C : AdvancedClaimsIICompletionCertificate} (P : AdvancedClaimsIIT1T5PromptObjective C) (n : Nat) : ( C.advanced.insideOutside.inside.coeff n = C.advanced.insideOutside.outside.coeff n /\ C.advanced.insideOutside.outside.coeff n = C.advanced.insideOutside.partialTheta.coeff n - C.advanced.insideOutside.correction.coeff n ),":= ( MatVecRat C.advanced.rationalSolve.matrix C.advanced.rationalSolve.solution = C.advanced.rationalSolve.rhs ) /\ ( C.advanced.completionShadow.blockSum = 0 /\ forall x, C.advanced.completionShadow.shadow.xiFhat x = 0 ) /\ ( C.advanced.cuspTransport.t4.transportFamily.stacked.rowCount = C.advanced.cuspTransport.t4.transportFamily.transports.length /\ C.advanced.cuspTransport.t4.tailTracking.tail.tail.cutoff = C.advanced.cuspTransport.t4.tailTracking.kernel.level ) /\ ( List.Mem C.advanced.appellLerch.m referenceMock1MList /\ List.Mem C.advanced.appellLerch.r referenceMock1RPhases /\ C.advanced.appellLerch.uTauCoeff - C.advanced.appellLerch.vTauCoeff = 0 /\ C.advanced.appellLerch.uConst - C.advanced.appellLerch.vConst = C.advanced.appellLerch.z0 ) /\ ( C.advanced.exponentFormula.exponent = paperPrincipalExponent C.advanced.exponentFormula.n C.advanced.exponentFormula.ell C.advanced.exponentFormula.m /\ C.advanced.exponentFormula.exponent < 0 ) /\ ( MatVecRat C.advanced.rationalSolve.matrix C.advanced.rationalSolve.solution = C.advanced.rationalSolve.rhs ) /\ ( Not (C.advanced.fixedShadow.thetaSymbol = """") /\ C.advanced.fixedShadow.z0 = (-1 / 2 : Rat) /\ C.advanced.fixedShadow.nonzeroCase /\ Not (C.advanced.fixedShadow.scale = 0) ) /\ (forall n, ( C.advanced.insideOutside.inside.coeff n = C.advanced.insideOutside.outside.coeff n /\ C.advanced.insideOutside.outside.coeff n = C.advanced.insideOutside.partialTheta.coeff n - C.advanced.insideOutside.correction.coeff n ))"
Mock1_Advanced,45384,nat_gcd_lcm_at,P,AdvancedClaimsIISPTPromptObjective,Mock1_Advanced,44987,PROJ,P.1,theorem nat_gcd_lcm_at {C : AdvancedClaimsIICompletionCertificate} (P : AdvancedClaimsIISPTPromptObjective C) : ( Dvd.dvd C.sptKernel.sptFree.gcdLcm.gcdValue C.sptKernel.sptFree.gcdLcm.M /\ Dvd.dvd C.sptKernel.sptFree.gcdLcm.gcdValue C.sptKernel.sptFree.gcdLcm.primePower /\ Dvd.dvd C.sptKernel.sptFree.gcdLcm.M C.sptKernel.sptFree.gcdLcm.lcmValue /\ Dvd.dvd C.sptKernel.sptFree.gcdLcm.primePower C.sptKernel.sptFree.gcdLcm.lcmValue ),:= ( Dvd.dvd C.sptKernel.sptFree.gcdLcm.gcdValue C.sptKernel.sptFree.gcdLcm.M /\ Dvd.dvd C.sptKernel.sptFree.gcdLcm.gcdValue C.sptKernel.sptFree.gcdLcm.primePower /\ Dvd.dvd C.sptKernel.sptFree.gcdLcm.M C.sptKernel.sptFree.gcdLcm.lcmValue /\ Dvd.dvd C.sptKernel.sptFree.gcdLcm.primePower C.sptKernel.sptFree.gcdLcm.lcmValue ) /\ ( C.sptKernel.sptFree.thickness.failureThickness = C.sptKernel.sptFree.thickness.thickness + 1 /\ 0 < C.sptKernel.sptFree.thickness.thickness ) /\ ( Nat.Prime C.sptKernel.sptFree.valuation.p /\ Dvd.dvd (C.sptKernel.sptFree.valuation.p ^ C.sptKernel.sptFree.valuation.vp) C.sptKernel.sptFree.valuation.M /\ Not (Dvd.dvd (C.sptKernel.sptFree.valuation.p ^ (C.sptKernel.sptFree.valuation.vp + 1)) C.sptKernel.sptFree.valuation.M) ) /\ ( C.sptKernel.sptFree.spt.obstruction.order = 1 /\ Not (C.sptKernel.sptFailure.spt.obstruction.order = 1) /\ C.sptKernel.sptFailure.failureThickness = C.sptKernel.sptFailure.spt.obstruction.order ) /\ ( Dvd.dvd (Nat.lcm C.sptKernel.baseChange.target.M (C.sptKernel.baseChange.target.p ^ C.sptKernel.baseChange.target.k)) (C.sptKernel.baseChange.mapEqualizer C.sptKernel.baseChange.source.equalizerElement) )
Mock1_Advanced,45399,primewise_thickness_at,P,AdvancedClaimsIISPTPromptObjective,Mock1_Advanced,44987,PROJ,P.2.1,theorem primewise_thickness_at {C : AdvancedClaimsIICompletionCertificate} (P : AdvancedClaimsIISPTPromptObjective C) : ( C.sptKernel.sptFree.thickness.failureThickness = C.sptKernel.sptFree.thickness.thickness + 1 /\ 0 < C.sptKernel.sptFree.thickness.thickness ),:= ( Dvd.dvd C.sptKernel.sptFree.gcdLcm.gcdValue C.sptKernel.sptFree.gcdLcm.M /\ Dvd.dvd C.sptKernel.sptFree.gcdLcm.gcdValue C.sptKernel.sptFree.gcdLcm.primePower /\ Dvd.dvd C.sptKernel.sptFree.gcdLcm.M C.sptKernel.sptFree.gcdLcm.lcmValue /\ Dvd.dvd C.sptKernel.sptFree.gcdLcm.primePower C.sptKernel.sptFree.gcdLcm.lcmValue ) /\ ( C.sptKernel.sptFree.thickness.failureThickness = C.sptKernel.sptFree.thickness.thickness + 1 /\ 0 < C.sptKernel.sptFree.thickness.thickness ) /\ ( Nat.Prime C.sptKernel.sptFree.valuation.p /\ Dvd.dvd (C.sptKernel.sptFree.valuation.p ^ C.sptKernel.sptFree.valuation.vp) C.sptKernel.sptFree.valuation.M /\ Not (Dvd.dvd (C.sptKernel.sptFree.valuation.p ^ (C.sptKernel.sptFree.valuation.vp + 1)) C.sptKernel.sptFree.valuation.M) ) /\ ( C.sptKernel.sptFree.spt.obstruction.order = 1 /\ Not (C.sptKernel.sptFailure.spt.obstruction.order = 1) /\ C.sptKernel.sptFailure.failureThickness = C.sptKernel.sptFailure.spt.obstruction.order ) /\ ( Dvd.dvd (Nat.lcm C.sptKernel.baseChange.target.M (C.sptKernel.baseChange.target.p ^ C.sptKernel.baseChange.target.k)) (C.sptKernel.baseChange.mapEqualizer C.sptKernel.baseChange.source.equalizerElement) )
Mock1_Advanced,45409,valuation_certificate_at,P,AdvancedClaimsIISPTPromptObjective,Mock1_Advanced,44987,PROJ,P.2.2.1,theorem valuation_certificate_at {C : AdvancedClaimsIICompletionCertificate} (P : AdvancedClaimsIISPTPromptObjective C) : ( Nat.Prime C.sptKernel.sptFree.valuation.p /\ Dvd.dvd (C.sptKernel.sptFree.valuation.p ^ C.sptKernel.sptFree.valuation.vp) C.sptKernel.sptFree.valuation.M /\ Not (Dvd.dvd (C.sptKernel.sptFree.valuation.p ^ (C.sptKernel.sptFree.valuation.vp + 1)) C.sptKernel.sptFree.valuation.M) ),:= ( Dvd.dvd C.sptKernel.sptFree.gcdLcm.gcdValue C.sptKernel.sptFree.gcdLcm.M /\ Dvd.dvd C.sptKernel.sptFree.gcdLcm.gcdValue C.sptKernel.sptFree.gcdLcm.primePower /\ Dvd.dvd C.sptKernel.sptFree.gcdLcm.M C.sptKernel.sptFree.gcdLcm.lcmValue /\ Dvd.dvd C.sptKernel.sptFree.gcdLcm.primePower C.sptKernel.sptFree.gcdLcm.lcmValue ) /\ ( C.sptKernel.sptFree.thickness.failureThickness = C.sptKernel.sptFree.thickness.thickness + 1 /\ 0 < C.sptKernel.sptFree.thickness.thickness ) /\ ( Nat.Prime C.sptKernel.sptFree.valuation.p /\ Dvd.dvd (C.sptKernel.sptFree.valuation.p ^ C.sptKernel.sptFree.valuation.vp) C.sptKernel.sptFree.valuation.M /\ Not (Dvd.dvd (C.sptKernel.sptFree.valuation.p ^ (C.sptKernel.sptFree.valuation.vp + 1)) C.sptKernel.sptFree.valuation.M) ) /\ ( C.sptKernel.sptFree.spt.obstruction.order = 1 /\ Not (C.sptKernel.sptFailure.spt.obstruction.order = 1) /\ C.sptKernel.sptFailure.failureThickness = C.sptKernel.sptFailure.spt.obstruction.order ) /\ ( Dvd.dvd (Nat.lcm C.sptKernel.baseChange.target.M (C.sptKernel.baseChange.target.p ^ C.sptKernel.baseChange.target.k)) (C.sptKernel.baseChange.mapEqualizer C.sptKernel.baseChange.source.equalizerElement) )
Mock1_Advanced,45426,obstruction_failure_at,P,AdvancedClaimsIISPTPromptObjective,Mock1_Advanced,44987,PROJ,P.2.2.2.1,theorem obstruction_failure_at {C : AdvancedClaimsIICompletionCertificate} (P : AdvancedClaimsIISPTPromptObjective C) : ( C.sptKernel.sptFree.spt.obstruction.order = 1 /\ Not (C.sptKernel.sptFailure.spt.obstruction.order = 1) /\ C.sptKernel.sptFailure.failureThickness = C.sptKernel.sptFailure.spt.obstruction.order ),:= ( Dvd.dvd C.sptKernel.sptFree.gcdLcm.gcdValue C.sptKernel.sptFree.gcdLcm.M /\ Dvd.dvd C.sptKernel.sptFree.gcdLcm.gcdValue C.sptKernel.sptFree.gcdLcm.primePower /\ Dvd.dvd C.sptKernel.sptFree.gcdLcm.M C.sptKernel.sptFree.gcdLcm.lcmValue /\ Dvd.dvd C.sptKernel.sptFree.gcdLcm.primePower C.sptKernel.sptFree.gcdLcm.lcmValue ) /\ ( C.sptKernel.sptFree.thickness.failureThickness = C.sptKernel.sptFree.thickness.thickness + 1 /\ 0 < C.sptKernel.sptFree.thickness.thickness ) /\ ( Nat.Prime C.sptKernel.sptFree.valuation.p /\ Dvd.dvd (C.sptKernel.sptFree.valuation.p ^ C.sptKernel.sptFree.valuation.vp) C.sptKernel.sptFree.valuation.M /\ Not (Dvd.dvd (C.sptKernel.sptFree.valuation.p ^ (C.sptKernel.sptFree.valuation.vp + 1)) C.sptKernel.sptFree.valuation.M) ) /\ ( C.sptKernel.sptFree.spt.obstruction.order = 1 /\ Not (C.sptKernel.sptFailure.spt.obstruction.order = 1) /\ C.sptKernel.sptFailure.failureThickness = C.sptKernel.sptFailure.spt.obstruction.order ) /\ ( Dvd.dvd (Nat.lcm C.sptKernel.baseChange.target.M (C.sptKernel.baseChange.target.p ^ C.sptKernel.baseChange.target.k)) (C.sptKernel.baseChange.mapEqualizer C.sptKernel.baseChange.source.equalizerElement) )
Mock1_Advanced,45437,base_change_at,P,AdvancedClaimsIISPTPromptObjective,Mock1_Advanced,44987,PROJ,P.2.2.2.2,theorem base_change_at {C : AdvancedClaimsIICompletionCertificate} (P : AdvancedClaimsIISPTPromptObjective C) : ( Dvd.dvd (Nat.lcm C.sptKernel.baseChange.target.M (C.sptKernel.baseChange.target.p ^ C.sptKernel.baseChange.target.k)) (C.sptKernel.baseChange.mapEqualizer C.sptKernel.baseChange.source.equalizerElement) ),:= ( Dvd.dvd C.sptKernel.sptFree.gcdLcm.gcdValue C.sptKernel.sptFree.gcdLcm.M /\ Dvd.dvd C.sptKernel.sptFree.gcdLcm.gcdValue C.sptKernel.sptFree.gcdLcm.primePower /\ Dvd.dvd C.sptKernel.sptFree.gcdLcm.M C.sptKernel.sptFree.gcdLcm.lcmValue /\ Dvd.dvd C.sptKernel.sptFree.gcdLcm.primePower C.sptKernel.sptFree.gcdLcm.lcmValue ) /\ ( C.sptKernel.sptFree.thickness.failureThickness = C.sptKernel.sptFree.thickness.thickness + 1 /\ 0 < C.sptKernel.sptFree.thickness.thickness ) /\ ( Nat.Prime C.sptKernel.sptFree.valuation.p /\ Dvd.dvd (C.sptKernel.sptFree.valuation.p ^ C.sptKernel.sptFree.valuation.vp) C.sptKernel.sptFree.valuation.M /\ Not (Dvd.dvd (C.sptKernel.sptFree.valuation.p ^ (C.sptKernel.sptFree.valuation.vp + 1)) C.sptKernel.sptFree.valuation.M) ) /\ ( C.sptKernel.sptFree.spt.obstruction.order = 1 /\ Not (C.sptKernel.sptFailure.spt.obstruction.order = 1) /\ C.sptKernel.sptFailure.failureThickness = C.sptKernel.sptFailure.spt.obstruction.order ) /\ ( Dvd.dvd (Nat.lcm C.sptKernel.baseChange.target.M (C.sptKernel.baseChange.target.p ^ C.sptKernel.baseChange.target.k)) (C.sptKernel.baseChange.mapEqualizer C.sptKernel.baseChange.source.equalizerElement) )
Mock1_Advanced,45454,kernel_selection_at,P,AdvancedClaimsIIKernelPromptObjective,Mock1_Advanced,45031,PROJ,P.1,theorem kernel_selection_at {C : AdvancedClaimsIICompletionCertificate} (P : AdvancedClaimsIIKernelPromptObjective C) : ( C.sptKernel.kernelSelection.selectedModulus = C.sptKernel.kernelSelection.level /\ C.sptKernel.kernelSelection.record.selection.selectedModulus = C.sptKernel.kernelSelection.record.level ),":= ( C.sptKernel.kernelSelection.selectedModulus = C.sptKernel.kernelSelection.level /\ C.sptKernel.kernelSelection.record.selection.selectedModulus = C.sptKernel.kernelSelection.record.level ) /\ ( 0 < C.sptKernel.multiplier.root.phases /\ C.sptKernel.multiplier.rows.length = 2 /\ forall row, List.Mem row C.sptKernel.multiplier.rows -> row.computedValue = row.tableValue ) /\ ( C.sptKernel.cuspConvergence.boundary.passes = true /\ C.sptKernel.cuspConvergence.cutoff = C.sptKernel.cuspConvergence.boundary.cutoff ) /\ ( C.sptKernel.transport.transportFamily = C.sptKernel.kernelCusp.transportFamily /\ C.sptKernel.transport.stacked.rowCount = C.sptKernel.transport.transports.length ) /\ ( Not (C.sptKernel.kernelSelection.sourceName = """") /\ C.sptKernel.kernelSelection.selectedModulus = C.sptKernel.kernelSelection.level /\ C.sptKernel.kernelSelection.multiplierRows.length = C.sptKernel.kernelSelection.level ) /\ ( C.sptKernel.multiplier.ts = C.sptKernel.kernelCusp.phaseMatching /\ C.sptKernel.multiplier.rows.length = 2 ) /\ ( C.sptKernel.cuspConvergence.boundary = C.sptKernel.kernelCusp.convergence /\ C.sptKernel.cuspConvergence.boundary.passes = true ) /\ ( List.Mem infinityCuspLabel C.sptKernel.transport.relevantCusps /\ List.Mem zeroCuspLabel C.sptKernel.transport.relevantCusps /\ forall T, List.Mem T C.sptKernel.transport.transports -> T.principal.rowCount = T.principal.order )"
Mock1_Advanced,45465,multiplier_phase_at,P,AdvancedClaimsIIKernelPromptObjective,Mock1_Advanced,45031,PROJ,P.2.1,"theorem multiplier_phase_at {C : AdvancedClaimsIICompletionCertificate} (P : AdvancedClaimsIIKernelPromptObjective C) : ( 0 < C.sptKernel.multiplier.root.phases /\ C.sptKernel.multiplier.rows.length = 2 /\ forall row, List.Mem row C.sptKernel.multiplier.rows -> row.computedValue = row.tableValue )",":= ( C.sptKernel.kernelSelection.selectedModulus = C.sptKernel.kernelSelection.level /\ C.sptKernel.kernelSelection.record.selection.selectedModulus = C.sptKernel.kernelSelection.record.level ) /\ ( 0 < C.sptKernel.multiplier.root.phases /\ C.sptKernel.multiplier.rows.length = 2 /\ forall row, List.Mem row C.sptKernel.multiplier.rows -> row.computedValue = row.tableValue ) /\ ( C.sptKernel.cuspConvergence.boundary.passes = true /\ C.sptKernel.cuspConvergence.cutoff = C.sptKernel.cuspConvergence.boundary.cutoff ) /\ ( C.sptKernel.transport.transportFamily = C.sptKernel.kernelCusp.transportFamily /\ C.sptKernel.transport.stacked.rowCount = C.sptKernel.transport.transports.length ) /\ ( Not (C.sptKernel.kernelSelection.sourceName = """") /\ C.sptKernel.kernelSelection.selectedModulus = C.sptKernel.kernelSelection.level /\ C.sptKernel.kernelSelection.multiplierRows.length = C.sptKernel.kernelSelection.level ) /\ ( C.sptKernel.multiplier.ts = C.sptKernel.kernelCusp.phaseMatching /\ C.sptKernel.multiplier.rows.length = 2 ) /\ ( C.sptKernel.cuspConvergence.boundary = C.sptKernel.kernelCusp.convergence /\ C.sptKernel.cuspConvergence.boundary.passes = true ) /\ ( List.Mem infinityCuspLabel C.sptKernel.transport.relevantCusps /\ List.Mem zeroCuspLabel C.sptKernel.transport.relevantCusps /\ forall T, List.Mem T C.sptKernel.transport.transports -> T.principal.rowCount = T.principal.order )"
Mock1_Advanced,45476,cusp_convergence_at,P,AdvancedClaimsIIKernelPromptObjective,Mock1_Advanced,45031,PROJ,P.2.2.1,theorem cusp_convergence_at {C : AdvancedClaimsIICompletionCertificate} (P : AdvancedClaimsIIKernelPromptObjective C) : ( C.sptKernel.cuspConvergence.boundary.passes = true /\ C.sptKernel.cuspConvergence.cutoff = C.sptKernel.cuspConvergence.boundary.cutoff ),":= ( C.sptKernel.kernelSelection.selectedModulus = C.sptKernel.kernelSelection.level /\ C.sptKernel.kernelSelection.record.selection.selectedModulus = C.sptKernel.kernelSelection.record.level ) /\ ( 0 < C.sptKernel.multiplier.root.phases /\ C.sptKernel.multiplier.rows.length = 2 /\ forall row, List.Mem row C.sptKernel.multiplier.rows -> row.computedValue = row.tableValue ) /\ ( C.sptKernel.cuspConvergence.boundary.passes = true /\ C.sptKernel.cuspConvergence.cutoff = C.sptKernel.cuspConvergence.boundary.cutoff ) /\ ( C.sptKernel.transport.transportFamily = C.sptKernel.kernelCusp.transportFamily /\ C.sptKernel.transport.stacked.rowCount = C.sptKernel.transport.transports.length ) /\ ( Not (C.sptKernel.kernelSelection.sourceName = """") /\ C.sptKernel.kernelSelection.selectedModulus = C.sptKernel.kernelSelection.level /\ C.sptKernel.kernelSelection.multiplierRows.length = C.sptKernel.kernelSelection.level ) /\ ( C.sptKernel.multiplier.ts = C.sptKernel.kernelCusp.phaseMatching /\ C.sptKernel.multiplier.rows.length = 2 ) /\ ( C.sptKernel.cuspConvergence.boundary = C.sptKernel.kernelCusp.convergence /\ C.sptKernel.cuspConvergence.boundary.passes = true ) /\ ( List.Mem infinityCuspLabel C.sptKernel.transport.relevantCusps /\ List.Mem zeroCuspLabel C.sptKernel.transport.relevantCusps /\ forall T, List.Mem T C.sptKernel.transport.transports -> T.principal.rowCount = T.principal.order )"
Mock1_Advanced,45486,transport_family_at,P,AdvancedClaimsIIKernelPromptObjective,Mock1_Advanced,45031,PROJ,P.2.2.2.1,theorem transport_family_at {C : AdvancedClaimsIICompletionCertificate} (P : AdvancedClaimsIIKernelPromptObjective C) : ( C.sptKernel.transport.transportFamily = C.sptKernel.kernelCusp.transportFamily /\ C.sptKernel.transport.stacked.rowCount = C.sptKernel.transport.transports.length ),":= ( C.sptKernel.kernelSelection.selectedModulus = C.sptKernel.kernelSelection.level /\ C.sptKernel.kernelSelection.record.selection.selectedModulus = C.sptKernel.kernelSelection.record.level ) /\ ( 0 < C.sptKernel.multiplier.root.phases /\ C.sptKernel.multiplier.rows.length = 2 /\ forall row, List.Mem row C.sptKernel.multiplier.rows -> row.computedValue = row.tableValue ) /\ ( C.sptKernel.cuspConvergence.boundary.passes = true /\ C.sptKernel.cuspConvergence.cutoff = C.sptKernel.cuspConvergence.boundary.cutoff ) /\ ( C.sptKernel.transport.transportFamily = C.sptKernel.kernelCusp.transportFamily /\ C.sptKernel.transport.stacked.rowCount = C.sptKernel.transport.transports.length ) /\ ( Not (C.sptKernel.kernelSelection.sourceName = """") /\ C.sptKernel.kernelSelection.selectedModulus = C.sptKernel.kernelSelection.level /\ C.sptKernel.kernelSelection.multiplierRows.length = C.sptKernel.kernelSelection.level ) /\ ( C.sptKernel.multiplier.ts = C.sptKernel.kernelCusp.phaseMatching /\ C.sptKernel.multiplier.rows.length = 2 ) /\ ( C.sptKernel.cuspConvergence.boundary = C.sptKernel.kernelCusp.convergence /\ C.sptKernel.cuspConvergence.boundary.passes = true ) /\ ( List.Mem infinityCuspLabel C.sptKernel.transport.relevantCusps /\ List.Mem zeroCuspLabel C.sptKernel.transport.relevantCusps /\ forall T, List.Mem T C.sptKernel.transport.transports -> T.principal.rowCount = T.principal.order )"
Mock1_Advanced,45497,kernel_table_at,P,AdvancedClaimsIIKernelPromptObjective,Mock1_Advanced,45031,PROJ,P.2.2.2.2.1,"theorem kernel_table_at {C : AdvancedClaimsIICompletionCertificate} (P : AdvancedClaimsIIKernelPromptObjective C) : ( Not (C.sptKernel.kernelSelection.sourceName = """") /\ C.sptKernel.kernelSelection.selectedModulus = C.sptKernel.kernelSelection.level /\ C.sptKernel.kernelSelection.multiplierRows.length = C.sptKernel.kernelSelection.level )",":= ( C.sptKernel.kernelSelection.selectedModulus = C.sptKernel.kernelSelection.level /\ C.sptKernel.kernelSelection.record.selection.selectedModulus = C.sptKernel.kernelSelection.record.level ) /\ ( 0 < C.sptKernel.multiplier.root.phases /\ C.sptKernel.multiplier.rows.length = 2 /\ forall row, List.Mem row C.sptKernel.multiplier.rows -> row.computedValue = row.tableValue ) /\ ( C.sptKernel.cuspConvergence.boundary.passes = true /\ C.sptKernel.cuspConvergence.cutoff = C.sptKernel.cuspConvergence.boundary.cutoff ) /\ ( C.sptKernel.transport.transportFamily = C.sptKernel.kernelCusp.transportFamily /\ C.sptKernel.transport.stacked.rowCount = C.sptKernel.transport.transports.length ) /\ ( Not (C.sptKernel.kernelSelection.sourceName = """") /\ C.sptKernel.kernelSelection.selectedModulus = C.sptKernel.kernelSelection.level /\ C.sptKernel.kernelSelection.multiplierRows.length = C.sptKernel.kernelSelection.level ) /\ ( C.sptKernel.multiplier.ts = C.sptKernel.kernelCusp.phaseMatching /\ C.sptKernel.multiplier.rows.length = 2 ) /\ ( C.sptKernel.cuspConvergence.boundary = C.sptKernel.kernelCusp.convergence /\ C.sptKernel.cuspConvergence.boundary.passes = true ) /\ ( List.Mem infinityCuspLabel C.sptKernel.transport.relevantCusps /\ List.Mem zeroCuspLabel C.sptKernel.transport.relevantCusps /\ forall T, List.Mem T C.sptKernel.transport.transports -> T.principal.rowCount = T.principal.order )"
Mock1_Advanced,45509,multiplier_input_at,P,AdvancedClaimsIIKernelPromptObjective,Mock1_Advanced,45031,PROJ,P.2.2.2.2.2.1,theorem multiplier_input_at {C : AdvancedClaimsIICompletionCertificate} (P : AdvancedClaimsIIKernelPromptObjective C) : ( C.sptKernel.multiplier.ts = C.sptKernel.kernelCusp.phaseMatching /\ C.sptKernel.multiplier.rows.length = 2 ),":= ( C.sptKernel.kernelSelection.selectedModulus = C.sptKernel.kernelSelection.level /\ C.sptKernel.kernelSelection.record.selection.selectedModulus = C.sptKernel.kernelSelection.record.level ) /\ ( 0 < C.sptKernel.multiplier.root.phases /\ C.sptKernel.multiplier.rows.length = 2 /\ forall row, List.Mem row C.sptKernel.multiplier.rows -> row.computedValue = row.tableValue ) /\ ( C.sptKernel.cuspConvergence.boundary.passes = true /\ C.sptKernel.cuspConvergence.cutoff = C.sptKernel.cuspConvergence.boundary.cutoff ) /\ ( C.sptKernel.transport.transportFamily = C.sptKernel.kernelCusp.transportFamily /\ C.sptKernel.transport.stacked.rowCount = C.sptKernel.transport.transports.length ) /\ ( Not (C.sptKernel.kernelSelection.sourceName = """") /\ C.sptKernel.kernelSelection.selectedModulus = C.sptKernel.kernelSelection.level /\ C.sptKernel.kernelSelection.multiplierRows.length = C.sptKernel.kernelSelection.level ) /\ ( C.sptKernel.multiplier.ts = C.sptKernel.kernelCusp.phaseMatching /\ C.sptKernel.multiplier.rows.length = 2 ) /\ ( C.sptKernel.cuspConvergence.boundary = C.sptKernel.kernelCusp.convergence /\ C.sptKernel.cuspConvergence.boundary.passes = true ) /\ ( List.Mem infinityCuspLabel C.sptKernel.transport.relevantCusps /\ List.Mem zeroCuspLabel C.sptKernel.transport.relevantCusps /\ forall T, List.Mem T C.sptKernel.transport.transports -> T.principal.rowCount = T.principal.order )"
Mock1_Advanced,45519,cusp_input_at,P,AdvancedClaimsIIKernelPromptObjective,Mock1_Advanced,45031,PROJ,P.2.2.2.2.2.2.1,theorem cusp_input_at {C : AdvancedClaimsIICompletionCertificate} (P : AdvancedClaimsIIKernelPromptObjective C) : ( C.sptKernel.cuspConvergence.boundary = C.sptKernel.kernelCusp.convergence /\ C.sptKernel.cuspConvergence.boundary.passes = true ),":= ( C.sptKernel.kernelSelection.selectedModulus = C.sptKernel.kernelSelection.level /\ C.sptKernel.kernelSelection.record.selection.selectedModulus = C.sptKernel.kernelSelection.record.level ) /\ ( 0 < C.sptKernel.multiplier.root.phases /\ C.sptKernel.multiplier.rows.length = 2 /\ forall row, List.Mem row C.sptKernel.multiplier.rows -> row.computedValue = row.tableValue ) /\ ( C.sptKernel.cuspConvergence.boundary.passes = true /\ C.sptKernel.cuspConvergence.cutoff = C.sptKernel.cuspConvergence.boundary.cutoff ) /\ ( C.sptKernel.transport.transportFamily = C.sptKernel.kernelCusp.transportFamily /\ C.sptKernel.transport.stacked.rowCount = C.sptKernel.transport.transports.length ) /\ ( Not (C.sptKernel.kernelSelection.sourceName = """") /\ C.sptKernel.kernelSelection.selectedModulus = C.sptKernel.kernelSelection.level /\ C.sptKernel.kernelSelection.multiplierRows.length = C.sptKernel.kernelSelection.level ) /\ ( C.sptKernel.multiplier.ts = C.sptKernel.kernelCusp.phaseMatching /\ C.sptKernel.multiplier.rows.length = 2 ) /\ ( C.sptKernel.cuspConvergence.boundary = C.sptKernel.kernelCusp.convergence /\ C.sptKernel.cuspConvergence.boundary.passes = true ) /\ ( List.Mem infinityCuspLabel C.sptKernel.transport.relevantCusps /\ List.Mem zeroCuspLabel C.sptKernel.transport.relevantCusps /\ forall T, List.Mem T C.sptKernel.transport.transports -> T.principal.rowCount = T.principal.order )"
Mock1_Advanced,45529,transport_across_cusps_at,P,AdvancedClaimsIIKernelPromptObjective,Mock1_Advanced,45031,PROJ,P.2.2.2.2.2.2.2,"theorem transport_across_cusps_at {C : AdvancedClaimsIICompletionCertificate} (P : AdvancedClaimsIIKernelPromptObjective C) : ( List.Mem infinityCuspLabel C.sptKernel.transport.relevantCusps /\ List.Mem zeroCuspLabel C.sptKernel.transport.relevantCusps /\ forall T, List.Mem T C.sptKernel.transport.transports -> T.principal.rowCount = T.principal.order )",":= ( C.sptKernel.kernelSelection.selectedModulus = C.sptKernel.kernelSelection.level /\ C.sptKernel.kernelSelection.record.selection.selectedModulus = C.sptKernel.kernelSelection.record.level ) /\ ( 0 < C.sptKernel.multiplier.root.phases /\ C.sptKernel.multiplier.rows.length = 2 /\ forall row, List.Mem row C.sptKernel.multiplier.rows -> row.computedValue = row.tableValue ) /\ ( C.sptKernel.cuspConvergence.boundary.passes = true /\ C.sptKernel.cuspConvergence.cutoff = C.sptKernel.cuspConvergence.boundary.cutoff ) /\ ( C.sptKernel.transport.transportFamily = C.sptKernel.kernelCusp.transportFamily /\ C.sptKernel.transport.stacked.rowCount = C.sptKernel.transport.transports.length ) /\ ( Not (C.sptKernel.kernelSelection.sourceName = """") /\ C.sptKernel.kernelSelection.selectedModulus = C.sptKernel.kernelSelection.level /\ C.sptKernel.kernelSelection.multiplierRows.length = C.sptKernel.kernelSelection.level ) /\ ( C.sptKernel.multiplier.ts = C.sptKernel.kernelCusp.phaseMatching /\ C.sptKernel.multiplier.rows.length = 2 ) /\ ( C.sptKernel.cuspConvergence.boundary = C.sptKernel.kernelCusp.convergence /\ C.sptKernel.cuspConvergence.boundary.passes = true ) /\ ( List.Mem infinityCuspLabel C.sptKernel.transport.relevantCusps /\ List.Mem zeroCuspLabel C.sptKernel.transport.relevantCusps /\ forall T, List.Mem T C.sptKernel.transport.transports -> T.principal.rowCount = T.principal.order )"
Mock1_Advanced,45544,coefficient_separation_at,P,AdvancedClaimsIIExactPromptObjective,Mock1_Advanced,45080,PROJ,P.1 n,theorem coefficient_separation_at {C : AdvancedClaimsIICompletionCertificate} (P : AdvancedClaimsIIExactPromptObjective C) (n : Nat) : ( C.exact.exact.formula.coefficient n = C.exact.exact.separation.scalarPart n + C.exact.exact.separation.thetaPart n ),":= (forall n, ( C.exact.exact.formula.coefficient n = C.exact.exact.separation.scalarPart n + C.exact.exact.separation.thetaPart n )) /\ ( Not (C.exact.thetaTable.rows = []) /\ C.exact.spectralInput.analyticBoundary.kuznetsovAccepted /\ C.exact.spectralInput.analyticBoundary.weilBoundAccepted /\ C.exact.spectralInput.analyticBoundary.lValueTheoryAccepted ) /\ ( C.exact.spectralInput.finiteResidue.certifiedSum = C.exact.spectralInput.spectral.kloostermanValue /\ forall n, C.exact.spectralInput.spectral.coefficient n = C.exact.spectralInput.spectral.rademacher.main n + C.exact.spectralInput.spectral.rademacher.remainder n ) /\ ( C.exact.localRootLValueInput.localEuler.productValue = 1 ) /\ ( C.exact.localRootLValueInput.rootFilter.allowed = true ) /\ (forall n, ( C.exact.localRootLValueInput.formula.coefficient n = C.exact.localRootLValueInput.formula.globalConstant * C.exact.localRootLValueInput.formula.powerTerm n * C.exact.localRootLValueInput.formula.centralLValue n * C.exact.localRootLValueInput.formula.localEulerProduct n )) /\ ( (forall r : ExactCoefficientERequirement, List.Mem r C.exact.requirements) /\ (forall n, C.betaArch.betaArch.formula.normalizedCoeff n = C.betaArch.betaArch.scalarRecord.scalar * (C.betaArch.betaArch.unfolding.mockCoeff n * C.betaArch.betaArch.unfolding.thetaCoeff n)) /\ (forall n, C.betaArch.betaArch.formula.normalizedCoeff n = C.betaArch.betaArch.formula.rademacher.main n + C.betaArch.betaArch.formula.rademacher.remainder n) )"
Mock1_Advanced,45554,theta_character_at,P,AdvancedClaimsIIExactPromptObjective,Mock1_Advanced,45080,PROJ,P.2.1,theorem theta_character_at {C : AdvancedClaimsIICompletionCertificate} (P : AdvancedClaimsIIExactPromptObjective C) : ( Not (C.exact.thetaTable.rows = []) /\ C.exact.spectralInput.analyticBoundary.kuznetsovAccepted /\ C.exact.spectralInput.analyticBoundary.weilBoundAccepted /\ C.exact.spectralInput.analyticBoundary.lValueTheoryAccepted ),":= (forall n, ( C.exact.exact.formula.coefficient n = C.exact.exact.separation.scalarPart n + C.exact.exact.separation.thetaPart n )) /\ ( Not (C.exact.thetaTable.rows = []) /\ C.exact.spectralInput.analyticBoundary.kuznetsovAccepted /\ C.exact.spectralInput.analyticBoundary.weilBoundAccepted /\ C.exact.spectralInput.analyticBoundary.lValueTheoryAccepted ) /\ ( C.exact.spectralInput.finiteResidue.certifiedSum = C.exact.spectralInput.spectral.kloostermanValue /\ forall n, C.exact.spectralInput.spectral.coefficient n = C.exact.spectralInput.spectral.rademacher.main n + C.exact.spectralInput.spectral.rademacher.remainder n ) /\ ( C.exact.localRootLValueInput.localEuler.productValue = 1 ) /\ ( C.exact.localRootLValueInput.rootFilter.allowed = true ) /\ (forall n, ( C.exact.localRootLValueInput.formula.coefficient n = C.exact.localRootLValueInput.formula.globalConstant * C.exact.localRootLValueInput.formula.powerTerm n * C.exact.localRootLValueInput.formula.centralLValue n * C.exact.localRootLValueInput.formula.localEulerProduct n )) /\ ( (forall r : ExactCoefficientERequirement, List.Mem r C.exact.requirements) /\ (forall n, C.betaArch.betaArch.formula.normalizedCoeff n = C.betaArch.betaArch.scalarRecord.scalar * (C.betaArch.betaArch.unfolding.mockCoeff n * C.betaArch.betaArch.unfolding.thetaCoeff n)) /\ (forall n, C.betaArch.betaArch.formula.normalizedCoeff n = C.betaArch.betaArch.formula.rademacher.main n + C.betaArch.betaArch.formula.rademacher.remainder n) )"
Mock1_Advanced,45565,spectral_kloosterman_at,P,AdvancedClaimsIIExactPromptObjective,Mock1_Advanced,45080,PROJ,P.2.2.1,"theorem spectral_kloosterman_at {C : AdvancedClaimsIICompletionCertificate} (P : AdvancedClaimsIIExactPromptObjective C) : ( C.exact.spectralInput.finiteResidue.certifiedSum = C.exact.spectralInput.spectral.kloostermanValue /\ forall n, C.exact.spectralInput.spectral.coefficient n = C.exact.spectralInput.spectral.rademacher.main n + C.exact.spectralInput.spectral.rademacher.remainder n )",":= (forall n, ( C.exact.exact.formula.coefficient n = C.exact.exact.separation.scalarPart n + C.exact.exact.separation.thetaPart n )) /\ ( Not (C.exact.thetaTable.rows = []) /\ C.exact.spectralInput.analyticBoundary.kuznetsovAccepted /\ C.exact.spectralInput.analyticBoundary.weilBoundAccepted /\ C.exact.spectralInput.analyticBoundary.lValueTheoryAccepted ) /\ ( C.exact.spectralInput.finiteResidue.certifiedSum = C.exact.spectralInput.spectral.kloostermanValue /\ forall n, C.exact.spectralInput.spectral.coefficient n = C.exact.spectralInput.spectral.rademacher.main n + C.exact.spectralInput.spectral.rademacher.remainder n ) /\ ( C.exact.localRootLValueInput.localEuler.productValue = 1 ) /\ ( C.exact.localRootLValueInput.rootFilter.allowed = true ) /\ (forall n, ( C.exact.localRootLValueInput.formula.coefficient n = C.exact.localRootLValueInput.formula.globalConstant * C.exact.localRootLValueInput.formula.powerTerm n * C.exact.localRootLValueInput.formula.centralLValue n * C.exact.localRootLValueInput.formula.localEulerProduct n )) /\ ( (forall r : ExactCoefficientERequirement, List.Mem r C.exact.requirements) /\ (forall n, C.betaArch.betaArch.formula.normalizedCoeff n = C.betaArch.betaArch.scalarRecord.scalar * (C.betaArch.betaArch.unfolding.mockCoeff n * C.betaArch.betaArch.unfolding.thetaCoeff n)) /\ (forall n, C.betaArch.betaArch.formula.normalizedCoeff n = C.betaArch.betaArch.formula.rademacher.main n + C.betaArch.betaArch.formula.rademacher.remainder n) )"
Mock1_Advanced,45577,local_euler_at,P,AdvancedClaimsIIExactPromptObjective,Mock1_Advanced,45080,PROJ,P.2.2.2.1,theorem local_euler_at {C : AdvancedClaimsIICompletionCertificate} (P : AdvancedClaimsIIExactPromptObjective C) : ( C.exact.localRootLValueInput.localEuler.productValue = 1 ),":= (forall n, ( C.exact.exact.formula.coefficient n = C.exact.exact.separation.scalarPart n + C.exact.exact.separation.thetaPart n )) /\ ( Not (C.exact.thetaTable.rows = []) /\ C.exact.spectralInput.analyticBoundary.kuznetsovAccepted /\ C.exact.spectralInput.analyticBoundary.weilBoundAccepted /\ C.exact.spectralInput.analyticBoundary.lValueTheoryAccepted ) /\ ( C.exact.spectralInput.finiteResidue.certifiedSum = C.exact.spectralInput.spectral.kloostermanValue /\ forall n, C.exact.spectralInput.spectral.coefficient n = C.exact.spectralInput.spectral.rademacher.main n + C.exact.spectralInput.spectral.rademacher.remainder n ) /\ ( C.exact.localRootLValueInput.localEuler.productValue = 1 ) /\ ( C.exact.localRootLValueInput.rootFilter.allowed = true ) /\ (forall n, ( C.exact.localRootLValueInput.formula.coefficient n = C.exact.localRootLValueInput.formula.globalConstant * C.exact.localRootLValueInput.formula.powerTerm n * C.exact.localRootLValueInput.formula.centralLValue n * C.exact.localRootLValueInput.formula.localEulerProduct n )) /\ ( (forall r : ExactCoefficientERequirement, List.Mem r C.exact.requirements) /\ (forall n, C.betaArch.betaArch.formula.normalizedCoeff n = C.betaArch.betaArch.scalarRecord.scalar * (C.betaArch.betaArch.unfolding.mockCoeff n * C.betaArch.betaArch.unfolding.thetaCoeff n)) /\ (forall n, C.betaArch.betaArch.formula.normalizedCoeff n = C.betaArch.betaArch.formula.rademacher.main n + C.betaArch.betaArch.formula.rademacher.remainder n) )"
Mock1_Advanced,45585,root_filter_at,P,AdvancedClaimsIIExactPromptObjective,Mock1_Advanced,45080,PROJ,P.2.2.2.2.1,theorem root_filter_at {C : AdvancedClaimsIICompletionCertificate} (P : AdvancedClaimsIIExactPromptObjective C) : ( C.exact.localRootLValueInput.rootFilter.allowed = true ),":= (forall n, ( C.exact.exact.formula.coefficient n = C.exact.exact.separation.scalarPart n + C.exact.exact.separation.thetaPart n )) /\ ( Not (C.exact.thetaTable.rows = []) /\ C.exact.spectralInput.analyticBoundary.kuznetsovAccepted /\ C.exact.spectralInput.analyticBoundary.weilBoundAccepted /\ C.exact.spectralInput.analyticBoundary.lValueTheoryAccepted ) /\ ( C.exact.spectralInput.finiteResidue.certifiedSum = C.exact.spectralInput.spectral.kloostermanValue /\ forall n, C.exact.spectralInput.spectral.coefficient n = C.exact.spectralInput.spectral.rademacher.main n + C.exact.spectralInput.spectral.rademacher.remainder n ) /\ ( C.exact.localRootLValueInput.localEuler.productValue = 1 ) /\ ( C.exact.localRootLValueInput.rootFilter.allowed = true ) /\ (forall n, ( C.exact.localRootLValueInput.formula.coefficient n = C.exact.localRootLValueInput.formula.globalConstant * C.exact.localRootLValueInput.formula.powerTerm n * C.exact.localRootLValueInput.formula.centralLValue n * C.exact.localRootLValueInput.formula.localEulerProduct n )) /\ ( (forall r : ExactCoefficientERequirement, List.Mem r C.exact.requirements) /\ (forall n, C.betaArch.betaArch.formula.normalizedCoeff n = C.betaArch.betaArch.scalarRecord.scalar * (C.betaArch.betaArch.unfolding.mockCoeff n * C.betaArch.betaArch.unfolding.thetaCoeff n)) /\ (forall n, C.betaArch.betaArch.formula.normalizedCoeff n = C.betaArch.betaArch.formula.rademacher.main n + C.betaArch.betaArch.formula.rademacher.remainder n) )"
Mock1_Advanced,45593,exact_formula_at,P,AdvancedClaimsIIExactPromptObjective,Mock1_Advanced,45080,PROJ,P.2.2.2.2.2.1 n,theorem exact_formula_at {C : AdvancedClaimsIICompletionCertificate} (P : AdvancedClaimsIIExactPromptObjective C) (n : Nat) : ( C.exact.localRootLValueInput.formula.coefficient n = C.exact.localRootLValueInput.formula.globalConstant * C.exact.localRootLValueInput.formula.powerTerm n * C.exact.localRootLValueInput.formula.centralLValue n * C.exact.localRootLValueInput.formula.localEulerProduct n ),":= (forall n, ( C.exact.exact.formula.coefficient n = C.exact.exact.separation.scalarPart n + C.exact.exact.separation.thetaPart n )) /\ ( Not (C.exact.thetaTable.rows = []) /\ C.exact.spectralInput.analyticBoundary.kuznetsovAccepted /\ C.exact.spectralInput.analyticBoundary.weilBoundAccepted /\ C.exact.spectralInput.analyticBoundary.lValueTheoryAccepted ) /\ ( C.exact.spectralInput.finiteResidue.certifiedSum = C.exact.spectralInput.spectral.kloostermanValue /\ forall n, C.exact.spectralInput.spectral.coefficient n = C.exact.spectralInput.spectral.rademacher.main n + C.exact.spectralInput.spectral.rademacher.remainder n ) /\ ( C.exact.localRootLValueInput.localEuler.productValue = 1 ) /\ ( C.exact.localRootLValueInput.rootFilter.allowed = true ) /\ (forall n, ( C.exact.localRootLValueInput.formula.coefficient n = C.exact.localRootLValueInput.formula.globalConstant * C.exact.localRootLValueInput.formula.powerTerm n * C.exact.localRootLValueInput.formula.centralLValue n * C.exact.localRootLValueInput.formula.localEulerProduct n )) /\ ( (forall r : ExactCoefficientERequirement, List.Mem r C.exact.requirements) /\ (forall n, C.betaArch.betaArch.formula.normalizedCoeff n = C.betaArch.betaArch.scalarRecord.scalar * (C.betaArch.betaArch.unfolding.mockCoeff n * C.betaArch.betaArch.unfolding.thetaCoeff n)) /\ (forall n, C.betaArch.betaArch.formula.normalizedCoeff n = C.betaArch.betaArch.formula.rademacher.main n + C.betaArch.betaArch.formula.rademacher.remainder n) )"
Mock1_Advanced,45605,paper_formula_fields_at,P,AdvancedClaimsIIExactPromptObjective,Mock1_Advanced,45080,PROJ,P.2.2.2.2.2.2,"theorem paper_formula_fields_at {C : AdvancedClaimsIICompletionCertificate} (P : AdvancedClaimsIIExactPromptObjective C) : ( (forall r : ExactCoefficientERequirement, List.Mem r C.exact.requirements) /\ (forall n, C.betaArch.betaArch.formula.normalizedCoeff n = C.betaArch.betaArch.scalarRecord.scalar * (C.betaArch.betaArch.unfolding.mockCoeff n * C.betaArch.betaArch.unfolding.thetaCoeff n)) /\ (forall n, C.betaArch.betaArch.formula.normalizedCoeff n = C.betaArch.betaArch.formula.rademacher.main n + C.betaArch.betaArch.formula.rademacher.remainder n) )",":= (forall n, ( C.exact.exact.formula.coefficient n = C.exact.exact.separation.scalarPart n + C.exact.exact.separation.thetaPart n )) /\ ( Not (C.exact.thetaTable.rows = []) /\ C.exact.spectralInput.analyticBoundary.kuznetsovAccepted /\ C.exact.spectralInput.analyticBoundary.weilBoundAccepted /\ C.exact.spectralInput.analyticBoundary.lValueTheoryAccepted ) /\ ( C.exact.spectralInput.finiteResidue.certifiedSum = C.exact.spectralInput.spectral.kloostermanValue /\ forall n, C.exact.spectralInput.spectral.coefficient n = C.exact.spectralInput.spectral.rademacher.main n + C.exact.spectralInput.spectral.rademacher.remainder n ) /\ ( C.exact.localRootLValueInput.localEuler.productValue = 1 ) /\ ( C.exact.localRootLValueInput.rootFilter.allowed = true ) /\ (forall n, ( C.exact.localRootLValueInput.formula.coefficient n = C.exact.localRootLValueInput.formula.globalConstant * C.exact.localRootLValueInput.formula.powerTerm n * C.exact.localRootLValueInput.formula.centralLValue n * C.exact.localRootLValueInput.formula.localEulerProduct n )) /\ ( (forall r : ExactCoefficientERequirement, List.Mem r C.exact.requirements) /\ (forall n, C.betaArch.betaArch.formula.normalizedCoeff n = C.betaArch.betaArch.scalarRecord.scalar * (C.betaArch.betaArch.unfolding.mockCoeff n * C.betaArch.betaArch.unfolding.thetaCoeff n)) /\ (forall n, C.betaArch.betaArch.formula.normalizedCoeff n = C.betaArch.betaArch.formula.rademacher.main n + C.betaArch.betaArch.formula.rademacher.remainder n) )"
Mock1_Advanced,45624,normalization_at,P,AdvancedClaimsIIPAdicPromptObjective,Mock1_Advanced,45124,PROJ,P.1 n,theorem normalization_at {C : AdvancedClaimsIICompletionCertificate} (P : AdvancedClaimsIIPAdicPromptObjective C) (n : Nat) : ( IntCongruent (PrimePower C.paperInstance.padic.face.normalization.p C.paperInstance.padic.face.normalization.k) (C.paperInstance.padic.face.normalization.normalized n) (C.paperInstance.padic.face.normalization.raw n) ),":= (forall n, ( IntCongruent (PrimePower C.paperInstance.padic.face.normalization.p C.paperInstance.padic.face.normalization.k) (C.paperInstance.padic.face.normalization.normalized n) (C.paperInstance.padic.face.normalization.raw n) )) /\ (forall n, ( IntCongruent C.padicOverlap.M (C.padicOverlap.left n) (C.padicOverlap.right n) /\ IntCongruent (PrimePower C.padicOverlap.p C.padicOverlap.k) (C.padicOverlap.left n) (C.padicOverlap.right n) )) /\ (forall n, ( IntCongruent (PrimePower C.paperInstance.padic.face.mahler.p C.paperInstance.padic.face.mahler.k) (C.paperInstance.padic.face.mahler.eval n) (C.paperInstance.padic.face.mahler.target n) /\ C.paperInstance.extraction.concrete.mahler.eval n = Finset.sum Finset.univ (fun j : Fin C.paperInstance.extraction.concrete.mahler.length => C.paperInstance.extraction.concrete.mahler.coeff j * C.paperInstance.extraction.concrete.mahler.basis j n) )) /\ (forall n, (hn : C.padicAnalyticRange.cutoff <= n) -> ( C.padicAnalyticRange.predicate n /\ C.padicAnalyticRange.tail n = 0 )) /\ ( Not (C.paperInstance.padic.lemma9Label = """") /\ Not (C.paperInstance.padic.equationI3Label = """") /\ Not (C.paperInstance.padic.equationI4Label = """") /\ Not (C.paperInstance.padic.equationI5Label = """") /\ C.paperInstance.padic.face.lemma9Label = C.paperInstance.padic.lemma9Label /\ C.paperInstance.padic.face.propositionI3Label = C.paperInstance.padic.equationI3Label ) /\ ( Not (referenceT1DenominatorNonzero.denominator = 0) /\ Not (referenceT2LeadingDenominatorNonzero.denominator = 0) /\ Not (referenceT2SimpleDenominatorNonzero.denominator = 0) ) /\ (forall n, ( FiniteCongruenceMod C.padicChart.p C.padicChart.k (C.padicChart.chartLeft n) (C.padicChart.chartRight n) )) /\ (forall n, ( FiniteCongruenceMod C.paperInstance.extraction.concrete.mahlerBinomial.p C.paperInstance.extraction.concrete.mahlerBinomial.k (C.paperInstance.extraction.concrete.mahlerBinomial.eval n) (C.paperInstance.extraction.concrete.mahlerBinomial.target n) /\ C.paperInstance.extraction.concrete.mahlerBinomial.eval n = Finset.sum Finset.univ (fun j : Fin C.paperInstance.extraction.concrete.mahlerBinomial.length => C.paperInstance.extraction.concrete.mahlerBinomial.coeff j * mahlerBinomialBasis (j : Nat) n) )) /\ (forall n, (hn : C.padicAnalyticRange.cutoff <= n) -> ( C.padicAnalyticRange.predicate n )) /\ ( C.sptKernel.sptFree.spt.obstruction.order = 1 /\ Not (C.sptKernel.sptFailure.spt.obstruction.order = 1) )"
Mock1_Advanced,45636,overlap_at,P,AdvancedClaimsIIPAdicPromptObjective,Mock1_Advanced,45124,PROJ,P.2.1 n,theorem overlap_at {C : AdvancedClaimsIICompletionCertificate} (P : AdvancedClaimsIIPAdicPromptObjective C) (n : Nat) : ( IntCongruent C.padicOverlap.M (C.padicOverlap.left n) (C.padicOverlap.right n) /\ IntCongruent (PrimePower C.padicOverlap.p C.padicOverlap.k) (C.padicOverlap.left n) (C.padicOverlap.right n) ),":= (forall n, ( IntCongruent (PrimePower C.paperInstance.padic.face.normalization.p C.paperInstance.padic.face.normalization.k) (C.paperInstance.padic.face.normalization.normalized n) (C.paperInstance.padic.face.normalization.raw n) )) /\ (forall n, ( IntCongruent C.padicOverlap.M (C.padicOverlap.left n) (C.padicOverlap.right n) /\ IntCongruent (PrimePower C.padicOverlap.p C.padicOverlap.k) (C.padicOverlap.left n) (C.padicOverlap.right n) )) /\ (forall n, ( IntCongruent (PrimePower C.paperInstance.padic.face.mahler.p C.paperInstance.padic.face.mahler.k) (C.paperInstance.padic.face.mahler.eval n) (C.paperInstance.padic.face.mahler.target n) /\ C.paperInstance.extraction.concrete.mahler.eval n = Finset.sum Finset.univ (fun j : Fin C.paperInstance.extraction.concrete.mahler.length => C.paperInstance.extraction.concrete.mahler.coeff j * C.paperInstance.extraction.concrete.mahler.basis j n) )) /\ (forall n, (hn : C.padicAnalyticRange.cutoff <= n) -> ( C.padicAnalyticRange.predicate n /\ C.padicAnalyticRange.tail n = 0 )) /\ ( Not (C.paperInstance.padic.lemma9Label = """") /\ Not (C.paperInstance.padic.equationI3Label = """") /\ Not (C.paperInstance.padic.equationI4Label = """") /\ Not (C.paperInstance.padic.equationI5Label = """") /\ C.paperInstance.padic.face.lemma9Label = C.paperInstance.padic.lemma9Label /\ C.paperInstance.padic.face.propositionI3Label = C.paperInstance.padic.equationI3Label ) /\ ( Not (referenceT1DenominatorNonzero.denominator = 0) /\ Not (referenceT2LeadingDenominatorNonzero.denominator = 0) /\ Not (referenceT2SimpleDenominatorNonzero.denominator = 0) ) /\ (forall n, ( FiniteCongruenceMod C.padicChart.p C.padicChart.k (C.padicChart.chartLeft n) (C.padicChart.chartRight n) )) /\ (forall n, ( FiniteCongruenceMod C.paperInstance.extraction.concrete.mahlerBinomial.p C.paperInstance.extraction.concrete.mahlerBinomial.k (C.paperInstance.extraction.concrete.mahlerBinomial.eval n) (C.paperInstance.extraction.concrete.mahlerBinomial.target n) /\ C.paperInstance.extraction.concrete.mahlerBinomial.eval n = Finset.sum Finset.univ (fun j : Fin C.paperInstance.extraction.concrete.mahlerBinomial.length => C.paperInstance.extraction.concrete.mahlerBinomial.coeff j * mahlerBinomialBasis (j : Nat) n) )) /\ (forall n, (hn : C.padicAnalyticRange.cutoff <= n) -> ( C.padicAnalyticRange.predicate n )) /\ ( C.sptKernel.sptFree.spt.obstruction.order = 1 /\ Not (C.sptKernel.sptFailure.spt.obstruction.order = 1) )"
Mock1_Advanced,45647,mahler_at,P,AdvancedClaimsIIPAdicPromptObjective,Mock1_Advanced,45124,PROJ,P.2.2.1 n,theorem mahler_at {C : AdvancedClaimsIICompletionCertificate} (P : AdvancedClaimsIIPAdicPromptObjective C) (n : Nat) : ( IntCongruent (PrimePower C.paperInstance.padic.face.mahler.p C.paperInstance.padic.face.mahler.k) (C.paperInstance.padic.face.mahler.eval n) (C.paperInstance.padic.face.mahler.target n) /\ C.paperInstance.extraction.concrete.mahler.eval n = Finset.sum Finset.univ (fun j : Fin C.paperInstance.extraction.concrete.mahler.length => C.paperInstance.extraction.concrete.mahler.coeff j * C.paperInstance.extraction.concrete.mahler.basis j n) ),":= (forall n, ( IntCongruent (PrimePower C.paperInstance.padic.face.normalization.p C.paperInstance.padic.face.normalization.k) (C.paperInstance.padic.face.normalization.normalized n) (C.paperInstance.padic.face.normalization.raw n) )) /\ (forall n, ( IntCongruent C.padicOverlap.M (C.padicOverlap.left n) (C.padicOverlap.right n) /\ IntCongruent (PrimePower C.padicOverlap.p C.padicOverlap.k) (C.padicOverlap.left n) (C.padicOverlap.right n) )) /\ (forall n, ( IntCongruent (PrimePower C.paperInstance.padic.face.mahler.p C.paperInstance.padic.face.mahler.k) (C.paperInstance.padic.face.mahler.eval n) (C.paperInstance.padic.face.mahler.target n) /\ C.paperInstance.extraction.concrete.mahler.eval n = Finset.sum Finset.univ (fun j : Fin C.paperInstance.extraction.concrete.mahler.length => C.paperInstance.extraction.concrete.mahler.coeff j * C.paperInstance.extraction.concrete.mahler.basis j n) )) /\ (forall n, (hn : C.padicAnalyticRange.cutoff <= n) -> ( C.padicAnalyticRange.predicate n /\ C.padicAnalyticRange.tail n = 0 )) /\ ( Not (C.paperInstance.padic.lemma9Label = """") /\ Not (C.paperInstance.padic.equationI3Label = """") /\ Not (C.paperInstance.padic.equationI4Label = """") /\ Not (C.paperInstance.padic.equationI5Label = """") /\ C.paperInstance.padic.face.lemma9Label = C.paperInstance.padic.lemma9Label /\ C.paperInstance.padic.face.propositionI3Label = C.paperInstance.padic.equationI3Label ) /\ ( Not (referenceT1DenominatorNonzero.denominator = 0) /\ Not (referenceT2LeadingDenominatorNonzero.denominator = 0) /\ Not (referenceT2SimpleDenominatorNonzero.denominator = 0) ) /\ (forall n, ( FiniteCongruenceMod C.padicChart.p C.padicChart.k (C.padicChart.chartLeft n) (C.padicChart.chartRight n) )) /\ (forall n, ( FiniteCongruenceMod C.paperInstance.extraction.concrete.mahlerBinomial.p C.paperInstance.extraction.concrete.mahlerBinomial.k (C.paperInstance.extraction.concrete.mahlerBinomial.eval n) (C.paperInstance.extraction.concrete.mahlerBinomial.target n) /\ C.paperInstance.extraction.concrete.mahlerBinomial.eval n = Finset.sum Finset.univ (fun j : Fin C.paperInstance.extraction.concrete.mahlerBinomial.length => C.paperInstance.extraction.concrete.mahlerBinomial.coeff j * mahlerBinomialBasis (j : Nat) n) )) /\ (forall n, (hn : C.padicAnalyticRange.cutoff <= n) -> ( C.padicAnalyticRange.predicate n )) /\ ( C.sptKernel.sptFree.spt.obstruction.order = 1 /\ Not (C.sptKernel.sptFailure.spt.obstruction.order = 1) )"
Mock1_Advanced,45664,tail_zero_at,P,AdvancedClaimsIIPAdicPromptObjective,Mock1_Advanced,45124,PROJ,P.2.2.2.1 n hn,theorem tail_zero_at {C : AdvancedClaimsIICompletionCertificate} (P : AdvancedClaimsIIPAdicPromptObjective C) (n : Nat) (hn : C.padicAnalyticRange.cutoff <= n) : ( C.padicAnalyticRange.predicate n /\ C.padicAnalyticRange.tail n = 0 ),":= (forall n, ( IntCongruent (PrimePower C.paperInstance.padic.face.normalization.p C.paperInstance.padic.face.normalization.k) (C.paperInstance.padic.face.normalization.normalized n) (C.paperInstance.padic.face.normalization.raw n) )) /\ (forall n, ( IntCongruent C.padicOverlap.M (C.padicOverlap.left n) (C.padicOverlap.right n) /\ IntCongruent (PrimePower C.padicOverlap.p C.padicOverlap.k) (C.padicOverlap.left n) (C.padicOverlap.right n) )) /\ (forall n, ( IntCongruent (PrimePower C.paperInstance.padic.face.mahler.p C.paperInstance.padic.face.mahler.k) (C.paperInstance.padic.face.mahler.eval n) (C.paperInstance.padic.face.mahler.target n) /\ C.paperInstance.extraction.concrete.mahler.eval n = Finset.sum Finset.univ (fun j : Fin C.paperInstance.extraction.concrete.mahler.length => C.paperInstance.extraction.concrete.mahler.coeff j * C.paperInstance.extraction.concrete.mahler.basis j n) )) /\ (forall n, (hn : C.padicAnalyticRange.cutoff <= n) -> ( C.padicAnalyticRange.predicate n /\ C.padicAnalyticRange.tail n = 0 )) /\ ( Not (C.paperInstance.padic.lemma9Label = """") /\ Not (C.paperInstance.padic.equationI3Label = """") /\ Not (C.paperInstance.padic.equationI4Label = """") /\ Not (C.paperInstance.padic.equationI5Label = """") /\ C.paperInstance.padic.face.lemma9Label = C.paperInstance.padic.lemma9Label /\ C.paperInstance.padic.face.propositionI3Label = C.paperInstance.padic.equationI3Label ) /\ ( Not (referenceT1DenominatorNonzero.denominator = 0) /\ Not (referenceT2LeadingDenominatorNonzero.denominator = 0) /\ Not (referenceT2SimpleDenominatorNonzero.denominator = 0) ) /\ (forall n, ( FiniteCongruenceMod C.padicChart.p C.padicChart.k (C.padicChart.chartLeft n) (C.padicChart.chartRight n) )) /\ (forall n, ( FiniteCongruenceMod C.paperInstance.extraction.concrete.mahlerBinomial.p C.paperInstance.extraction.concrete.mahlerBinomial.k (C.paperInstance.extraction.concrete.mahlerBinomial.eval n) (C.paperInstance.extraction.concrete.mahlerBinomial.target n) /\ C.paperInstance.extraction.concrete.mahlerBinomial.eval n = Finset.sum Finset.univ (fun j : Fin C.paperInstance.extraction.concrete.mahlerBinomial.length => C.paperInstance.extraction.concrete.mahlerBinomial.coeff j * mahlerBinomialBasis (j : Nat) n) )) /\ (forall n, (hn : C.padicAnalyticRange.cutoff <= n) -> ( C.padicAnalyticRange.predicate n )) /\ ( C.sptKernel.sptFree.spt.obstruction.order = 1 /\ Not (C.sptKernel.sptFailure.spt.obstruction.order = 1) )"
Mock1_Advanced,45674,face_tracking_at,P,AdvancedClaimsIIPAdicPromptObjective,Mock1_Advanced,45124,PROJ,P.2.2.2.2.1,"theorem face_tracking_at {C : AdvancedClaimsIICompletionCertificate} (P : AdvancedClaimsIIPAdicPromptObjective C) : ( Not (C.paperInstance.padic.lemma9Label = """") /\ Not (C.paperInstance.padic.equationI3Label = """") /\ Not (C.paperInstance.padic.equationI4Label = """") /\ Not (C.paperInstance.padic.equationI5Label = """") /\ C.paperInstance.padic.face.lemma9Label = C.paperInstance.padic.lemma9Label /\ C.paperInstance.padic.face.propositionI3Label = C.paperInstance.padic.equationI3Label )",":= (forall n, ( IntCongruent (PrimePower C.paperInstance.padic.face.normalization.p C.paperInstance.padic.face.normalization.k) (C.paperInstance.padic.face.normalization.normalized n) (C.paperInstance.padic.face.normalization.raw n) )) /\ (forall n, ( IntCongruent C.padicOverlap.M (C.padicOverlap.left n) (C.padicOverlap.right n) /\ IntCongruent (PrimePower C.padicOverlap.p C.padicOverlap.k) (C.padicOverlap.left n) (C.padicOverlap.right n) )) /\ (forall n, ( IntCongruent (PrimePower C.paperInstance.padic.face.mahler.p C.paperInstance.padic.face.mahler.k) (C.paperInstance.padic.face.mahler.eval n) (C.paperInstance.padic.face.mahler.target n) /\ C.paperInstance.extraction.concrete.mahler.eval n = Finset.sum Finset.univ (fun j : Fin C.paperInstance.extraction.concrete.mahler.length => C.paperInstance.extraction.concrete.mahler.coeff j * C.paperInstance.extraction.concrete.mahler.basis j n) )) /\ (forall n, (hn : C.padicAnalyticRange.cutoff <= n) -> ( C.padicAnalyticRange.predicate n /\ C.padicAnalyticRange.tail n = 0 )) /\ ( Not (C.paperInstance.padic.lemma9Label = """") /\ Not (C.paperInstance.padic.equationI3Label = """") /\ Not (C.paperInstance.padic.equationI4Label = """") /\ Not (C.paperInstance.padic.equationI5Label = """") /\ C.paperInstance.padic.face.lemma9Label = C.paperInstance.padic.lemma9Label /\ C.paperInstance.padic.face.propositionI3Label = C.paperInstance.padic.equationI3Label ) /\ ( Not (referenceT1DenominatorNonzero.denominator = 0) /\ Not (referenceT2LeadingDenominatorNonzero.denominator = 0) /\ Not (referenceT2SimpleDenominatorNonzero.denominator = 0) ) /\ (forall n, ( FiniteCongruenceMod C.padicChart.p C.padicChart.k (C.padicChart.chartLeft n) (C.padicChart.chartRight n) )) /\ (forall n, ( FiniteCongruenceMod C.paperInstance.extraction.concrete.mahlerBinomial.p C.paperInstance.extraction.concrete.mahlerBinomial.k (C.paperInstance.extraction.concrete.mahlerBinomial.eval n) (C.paperInstance.extraction.concrete.mahlerBinomial.target n) /\ C.paperInstance.extraction.concrete.mahlerBinomial.eval n = Finset.sum Finset.univ (fun j : Fin C.paperInstance.extraction.concrete.mahlerBinomial.length => C.paperInstance.extraction.concrete.mahlerBinomial.coeff j * mahlerBinomialBasis (j : Nat) n) )) /\ (forall n, (hn : C.padicAnalyticRange.cutoff <= n) -> ( C.padicAnalyticRange.predicate n )) /\ ( C.sptKernel.sptFree.spt.obstruction.order = 1 /\ Not (C.sptKernel.sptFailure.spt.obstruction.order = 1) )"
Mock1_Advanced,45689,denominator_data_at,P,AdvancedClaimsIIPAdicPromptObjective,Mock1_Advanced,45124,PROJ,P.2.2.2.2.2.1,theorem denominator_data_at {C : AdvancedClaimsIICompletionCertificate} (P : AdvancedClaimsIIPAdicPromptObjective C) : ( Not (referenceT1DenominatorNonzero.denominator = 0) /\ Not (referenceT2LeadingDenominatorNonzero.denominator = 0) /\ Not (referenceT2SimpleDenominatorNonzero.denominator = 0) ),":= (forall n, ( IntCongruent (PrimePower C.paperInstance.padic.face.normalization.p C.paperInstance.padic.face.normalization.k) (C.paperInstance.padic.face.normalization.normalized n) (C.paperInstance.padic.face.normalization.raw n) )) /\ (forall n, ( IntCongruent C.padicOverlap.M (C.padicOverlap.left n) (C.padicOverlap.right n) /\ IntCongruent (PrimePower C.padicOverlap.p C.padicOverlap.k) (C.padicOverlap.left n) (C.padicOverlap.right n) )) /\ (forall n, ( IntCongruent (PrimePower C.paperInstance.padic.face.mahler.p C.paperInstance.padic.face.mahler.k) (C.paperInstance.padic.face.mahler.eval n) (C.paperInstance.padic.face.mahler.target n) /\ C.paperInstance.extraction.concrete.mahler.eval n = Finset.sum Finset.univ (fun j : Fin C.paperInstance.extraction.concrete.mahler.length => C.paperInstance.extraction.concrete.mahler.coeff j * C.paperInstance.extraction.concrete.mahler.basis j n) )) /\ (forall n, (hn : C.padicAnalyticRange.cutoff <= n) -> ( C.padicAnalyticRange.predicate n /\ C.padicAnalyticRange.tail n = 0 )) /\ ( Not (C.paperInstance.padic.lemma9Label = """") /\ Not (C.paperInstance.padic.equationI3Label = """") /\ Not (C.paperInstance.padic.equationI4Label = """") /\ Not (C.paperInstance.padic.equationI5Label = """") /\ C.paperInstance.padic.face.lemma9Label = C.paperInstance.padic.lemma9Label /\ C.paperInstance.padic.face.propositionI3Label = C.paperInstance.padic.equationI3Label ) /\ ( Not (referenceT1DenominatorNonzero.denominator = 0) /\ Not (referenceT2LeadingDenominatorNonzero.denominator = 0) /\ Not (referenceT2SimpleDenominatorNonzero.denominator = 0) ) /\ (forall n, ( FiniteCongruenceMod C.padicChart.p C.padicChart.k (C.padicChart.chartLeft n) (C.padicChart.chartRight n) )) /\ (forall n, ( FiniteCongruenceMod C.paperInstance.extraction.concrete.mahlerBinomial.p C.paperInstance.extraction.concrete.mahlerBinomial.k (C.paperInstance.extraction.concrete.mahlerBinomial.eval n) (C.paperInstance.extraction.concrete.mahlerBinomial.target n) /\ C.paperInstance.extraction.concrete.mahlerBinomial.eval n = Finset.sum Finset.univ (fun j : Fin C.paperInstance.extraction.concrete.mahlerBinomial.length => C.paperInstance.extraction.concrete.mahlerBinomial.coeff j * mahlerBinomialBasis (j : Nat) n) )) /\ (forall n, (hn : C.padicAnalyticRange.cutoff <= n) -> ( C.padicAnalyticRange.predicate n )) /\ ( C.sptKernel.sptFree.spt.obstruction.order = 1 /\ Not (C.sptKernel.sptFailure.spt.obstruction.order = 1) )"
Mock1_Advanced,45699,chart_vectors_at,P,AdvancedClaimsIIPAdicPromptObjective,Mock1_Advanced,45124,PROJ,P.2.2.2.2.2.2.1 n,theorem chart_vectors_at {C : AdvancedClaimsIICompletionCertificate} (P : AdvancedClaimsIIPAdicPromptObjective C) (n : Nat) : ( FiniteCongruenceMod C.padicChart.p C.padicChart.k (C.padicChart.chartLeft n) (C.padicChart.chartRight n) ),":= (forall n, ( IntCongruent (PrimePower C.paperInstance.padic.face.normalization.p C.paperInstance.padic.face.normalization.k) (C.paperInstance.padic.face.normalization.normalized n) (C.paperInstance.padic.face.normalization.raw n) )) /\ (forall n, ( IntCongruent C.padicOverlap.M (C.padicOverlap.left n) (C.padicOverlap.right n) /\ IntCongruent (PrimePower C.padicOverlap.p C.padicOverlap.k) (C.padicOverlap.left n) (C.padicOverlap.right n) )) /\ (forall n, ( IntCongruent (PrimePower C.paperInstance.padic.face.mahler.p C.paperInstance.padic.face.mahler.k) (C.paperInstance.padic.face.mahler.eval n) (C.paperInstance.padic.face.mahler.target n) /\ C.paperInstance.extraction.concrete.mahler.eval n = Finset.sum Finset.univ (fun j : Fin C.paperInstance.extraction.concrete.mahler.length => C.paperInstance.extraction.concrete.mahler.coeff j * C.paperInstance.extraction.concrete.mahler.basis j n) )) /\ (forall n, (hn : C.padicAnalyticRange.cutoff <= n) -> ( C.padicAnalyticRange.predicate n /\ C.padicAnalyticRange.tail n = 0 )) /\ ( Not (C.paperInstance.padic.lemma9Label = """") /\ Not (C.paperInstance.padic.equationI3Label = """") /\ Not (C.paperInstance.padic.equationI4Label = """") /\ Not (C.paperInstance.padic.equationI5Label = """") /\ C.paperInstance.padic.face.lemma9Label = C.paperInstance.padic.lemma9Label /\ C.paperInstance.padic.face.propositionI3Label = C.paperInstance.padic.equationI3Label ) /\ ( Not (referenceT1DenominatorNonzero.denominator = 0) /\ Not (referenceT2LeadingDenominatorNonzero.denominator = 0) /\ Not (referenceT2SimpleDenominatorNonzero.denominator = 0) ) /\ (forall n, ( FiniteCongruenceMod C.padicChart.p C.padicChart.k (C.padicChart.chartLeft n) (C.padicChart.chartRight n) )) /\ (forall n, ( FiniteCongruenceMod C.paperInstance.extraction.concrete.mahlerBinomial.p C.paperInstance.extraction.concrete.mahlerBinomial.k (C.paperInstance.extraction.concrete.mahlerBinomial.eval n) (C.paperInstance.extraction.concrete.mahlerBinomial.target n) /\ C.paperInstance.extraction.concrete.mahlerBinomial.eval n = Finset.sum Finset.univ (fun j : Fin C.paperInstance.extraction.concrete.mahlerBinomial.length => C.paperInstance.extraction.concrete.mahlerBinomial.coeff j * mahlerBinomialBasis (j : Nat) n) )) /\ (forall n, (hn : C.padicAnalyticRange.cutoff <= n) -> ( C.padicAnalyticRange.predicate n )) /\ ( C.sptKernel.sptFree.spt.obstruction.order = 1 /\ Not (C.sptKernel.sptFailure.spt.obstruction.order = 1) )"
Mock1_Advanced,45708,mahler_table_at,P,AdvancedClaimsIIPAdicPromptObjective,Mock1_Advanced,45124,PROJ,P.2.2.2.2.2.2.2.1 n,theorem mahler_table_at {C : AdvancedClaimsIICompletionCertificate} (P : AdvancedClaimsIIPAdicPromptObjective C) (n : Nat) : ( FiniteCongruenceMod C.paperInstance.extraction.concrete.mahlerBinomial.p C.paperInstance.extraction.concrete.mahlerBinomial.k (C.paperInstance.extraction.concrete.mahlerBinomial.eval n) (C.paperInstance.extraction.concrete.mahlerBinomial.target n) /\ C.paperInstance.extraction.concrete.mahlerBinomial.eval n = Finset.sum Finset.univ (fun j : Fin C.paperInstance.extraction.concrete.mahlerBinomial.length => C.paperInstance.extraction.concrete.mahlerBinomial.coeff j * mahlerBinomialBasis (j : Nat) n) ),":= (forall n, ( IntCongruent (PrimePower C.paperInstance.padic.face.normalization.p C.paperInstance.padic.face.normalization.k) (C.paperInstance.padic.face.normalization.normalized n) (C.paperInstance.padic.face.normalization.raw n) )) /\ (forall n, ( IntCongruent C.padicOverlap.M (C.padicOverlap.left n) (C.padicOverlap.right n) /\ IntCongruent (PrimePower C.padicOverlap.p C.padicOverlap.k) (C.padicOverlap.left n) (C.padicOverlap.right n) )) /\ (forall n, ( IntCongruent (PrimePower C.paperInstance.padic.face.mahler.p C.paperInstance.padic.face.mahler.k) (C.paperInstance.padic.face.mahler.eval n) (C.paperInstance.padic.face.mahler.target n) /\ C.paperInstance.extraction.concrete.mahler.eval n = Finset.sum Finset.univ (fun j : Fin C.paperInstance.extraction.concrete.mahler.length => C.paperInstance.extraction.concrete.mahler.coeff j * C.paperInstance.extraction.concrete.mahler.basis j n) )) /\ (forall n, (hn : C.padicAnalyticRange.cutoff <= n) -> ( C.padicAnalyticRange.predicate n /\ C.padicAnalyticRange.tail n = 0 )) /\ ( Not (C.paperInstance.padic.lemma9Label = """") /\ Not (C.paperInstance.padic.equationI3Label = """") /\ Not (C.paperInstance.padic.equationI4Label = """") /\ Not (C.paperInstance.padic.equationI5Label = """") /\ C.paperInstance.padic.face.lemma9Label = C.paperInstance.padic.lemma9Label /\ C.paperInstance.padic.face.propositionI3Label = C.paperInstance.padic.equationI3Label ) /\ ( Not (referenceT1DenominatorNonzero.denominator = 0) /\ Not (referenceT2LeadingDenominatorNonzero.denominator = 0) /\ Not (referenceT2SimpleDenominatorNonzero.denominator = 0) ) /\ (forall n, ( FiniteCongruenceMod C.padicChart.p C.padicChart.k (C.padicChart.chartLeft n) (C.padicChart.chartRight n) )) /\ (forall n, ( FiniteCongruenceMod C.paperInstance.extraction.concrete.mahlerBinomial.p C.paperInstance.extraction.concrete.mahlerBinomial.k (C.paperInstance.extraction.concrete.mahlerBinomial.eval n) (C.paperInstance.extraction.concrete.mahlerBinomial.target n) /\ C.paperInstance.extraction.concrete.mahlerBinomial.eval n = Finset.sum Finset.univ (fun j : Fin C.paperInstance.extraction.concrete.mahlerBinomial.length => C.paperInstance.extraction.concrete.mahlerBinomial.coeff j * mahlerBinomialBasis (j : Nat) n) )) /\ (forall n, (hn : C.padicAnalyticRange.cutoff <= n) -> ( C.padicAnalyticRange.predicate n )) /\ ( C.sptKernel.sptFree.spt.obstruction.order = 1 /\ Not (C.sptKernel.sptFailure.spt.obstruction.order = 1) )"
Mock1_Advanced,45725,analytic_range_predicate_at,P,AdvancedClaimsIIPAdicPromptObjective,Mock1_Advanced,45124,PROJ,P.2.2.2.2.2.2.2.2.1 n hn,theorem analytic_range_predicate_at {C : AdvancedClaimsIICompletionCertificate} (P : AdvancedClaimsIIPAdicPromptObjective C) (n : Nat) (hn : C.padicAnalyticRange.cutoff <= n) : ( C.padicAnalyticRange.predicate n ),":= (forall n, ( IntCongruent (PrimePower C.paperInstance.padic.face.normalization.p C.paperInstance.padic.face.normalization.k) (C.paperInstance.padic.face.normalization.normalized n) (C.paperInstance.padic.face.normalization.raw n) )) /\ (forall n, ( IntCongruent C.padicOverlap.M (C.padicOverlap.left n) (C.padicOverlap.right n) /\ IntCongruent (PrimePower C.padicOverlap.p C.padicOverlap.k) (C.padicOverlap.left n) (C.padicOverlap.right n) )) /\ (forall n, ( IntCongruent (PrimePower C.paperInstance.padic.face.mahler.p C.paperInstance.padic.face.mahler.k) (C.paperInstance.padic.face.mahler.eval n) (C.paperInstance.padic.face.mahler.target n) /\ C.paperInstance.extraction.concrete.mahler.eval n = Finset.sum Finset.univ (fun j : Fin C.paperInstance.extraction.concrete.mahler.length => C.paperInstance.extraction.concrete.mahler.coeff j * C.paperInstance.extraction.concrete.mahler.basis j n) )) /\ (forall n, (hn : C.padicAnalyticRange.cutoff <= n) -> ( C.padicAnalyticRange.predicate n /\ C.padicAnalyticRange.tail n = 0 )) /\ ( Not (C.paperInstance.padic.lemma9Label = """") /\ Not (C.paperInstance.padic.equationI3Label = """") /\ Not (C.paperInstance.padic.equationI4Label = """") /\ Not (C.paperInstance.padic.equationI5Label = """") /\ C.paperInstance.padic.face.lemma9Label = C.paperInstance.padic.lemma9Label /\ C.paperInstance.padic.face.propositionI3Label = C.paperInstance.padic.equationI3Label ) /\ ( Not (referenceT1DenominatorNonzero.denominator = 0) /\ Not (referenceT2LeadingDenominatorNonzero.denominator = 0) /\ Not (referenceT2SimpleDenominatorNonzero.denominator = 0) ) /\ (forall n, ( FiniteCongruenceMod C.padicChart.p C.padicChart.k (C.padicChart.chartLeft n) (C.padicChart.chartRight n) )) /\ (forall n, ( FiniteCongruenceMod C.paperInstance.extraction.concrete.mahlerBinomial.p C.paperInstance.extraction.concrete.mahlerBinomial.k (C.paperInstance.extraction.concrete.mahlerBinomial.eval n) (C.paperInstance.extraction.concrete.mahlerBinomial.target n) /\ C.paperInstance.extraction.concrete.mahlerBinomial.eval n = Finset.sum Finset.univ (fun j : Fin C.paperInstance.extraction.concrete.mahlerBinomial.length => C.paperInstance.extraction.concrete.mahlerBinomial.coeff j * mahlerBinomialBasis (j : Nat) n) )) /\ (forall n, (hn : C.padicAnalyticRange.cutoff <= n) -> ( C.padicAnalyticRange.predicate n )) /\ ( C.sptKernel.sptFree.spt.obstruction.order = 1 /\ Not (C.sptKernel.sptFailure.spt.obstruction.order = 1) )"
Mock1_Advanced,45734,obstruction_failure_at,P,AdvancedClaimsIIPAdicPromptObjective,Mock1_Advanced,45124,PROJ,P.2.2.2.2.2.2.2.2.2,theorem obstruction_failure_at {C : AdvancedClaimsIICompletionCertificate} (P : AdvancedClaimsIIPAdicPromptObjective C) : ( C.sptKernel.sptFree.spt.obstruction.order = 1 /\ Not (C.sptKernel.sptFailure.spt.obstruction.order = 1) ),":= (forall n, ( IntCongruent (PrimePower C.paperInstance.padic.face.normalization.p C.paperInstance.padic.face.normalization.k) (C.paperInstance.padic.face.normalization.normalized n) (C.paperInstance.padic.face.normalization.raw n) )) /\ (forall n, ( IntCongruent C.padicOverlap.M (C.padicOverlap.left n) (C.padicOverlap.right n) /\ IntCongruent (PrimePower C.padicOverlap.p C.padicOverlap.k) (C.padicOverlap.left n) (C.padicOverlap.right n) )) /\ (forall n, ( IntCongruent (PrimePower C.paperInstance.padic.face.mahler.p C.paperInstance.padic.face.mahler.k) (C.paperInstance.padic.face.mahler.eval n) (C.paperInstance.padic.face.mahler.target n) /\ C.paperInstance.extraction.concrete.mahler.eval n = Finset.sum Finset.univ (fun j : Fin C.paperInstance.extraction.concrete.mahler.length => C.paperInstance.extraction.concrete.mahler.coeff j * C.paperInstance.extraction.concrete.mahler.basis j n) )) /\ (forall n, (hn : C.padicAnalyticRange.cutoff <= n) -> ( C.padicAnalyticRange.predicate n /\ C.padicAnalyticRange.tail n = 0 )) /\ ( Not (C.paperInstance.padic.lemma9Label = """") /\ Not (C.paperInstance.padic.equationI3Label = """") /\ Not (C.paperInstance.padic.equationI4Label = """") /\ Not (C.paperInstance.padic.equationI5Label = """") /\ C.paperInstance.padic.face.lemma9Label = C.paperInstance.padic.lemma9Label /\ C.paperInstance.padic.face.propositionI3Label = C.paperInstance.padic.equationI3Label ) /\ ( Not (referenceT1DenominatorNonzero.denominator = 0) /\ Not (referenceT2LeadingDenominatorNonzero.denominator = 0) /\ Not (referenceT2SimpleDenominatorNonzero.denominator = 0) ) /\ (forall n, ( FiniteCongruenceMod C.padicChart.p C.padicChart.k (C.padicChart.chartLeft n) (C.padicChart.chartRight n) )) /\ (forall n, ( FiniteCongruenceMod C.paperInstance.extraction.concrete.mahlerBinomial.p C.paperInstance.extraction.concrete.mahlerBinomial.k (C.paperInstance.extraction.concrete.mahlerBinomial.eval n) (C.paperInstance.extraction.concrete.mahlerBinomial.target n) /\ C.paperInstance.extraction.concrete.mahlerBinomial.eval n = Finset.sum Finset.univ (fun j : Fin C.paperInstance.extraction.concrete.mahlerBinomial.length => C.paperInstance.extraction.concrete.mahlerBinomial.coeff j * mahlerBinomialBasis (j : Nat) n) )) /\ (forall n, (hn : C.padicAnalyticRange.cutoff <= n) -> ( C.padicAnalyticRange.predicate n )) /\ ( C.sptKernel.sptFree.spt.obstruction.order = 1 /\ Not (C.sptKernel.sptFailure.spt.obstruction.order = 1) )"
Mock1_Advanced,45747,regression_cardy_at,P,AdvancedClaimsIIEntropyPromptObjective,Mock1_Advanced,45196,PROJ,P.1,theorem regression_cardy_at {C : AdvancedClaimsIICompletionCertificate} (P : AdvancedClaimsIIEntropyPromptObjective C) : ( C.entropy.symbolic.alphaInterval.Contains C.entropy.symbolic.alphaHat /\ C.entropy.symbolic.ceffInterval.Contains C.entropy.symbolic.ceffHat /\ C.entropy.entropy.olsTable.rows.length = 5 ),":= ( C.entropy.symbolic.alphaInterval.Contains C.entropy.symbolic.alphaHat /\ C.entropy.symbolic.ceffInterval.Contains C.entropy.symbolic.ceffHat /\ C.entropy.entropy.olsTable.rows.length = 5 ) /\ ( C.entropy.entropy.alphaExtraction.cEqualsOne /\ C.entropy.entropy.tailDominance.tailUpper <= C.entropy.entropy.tailDominance.dominanceThreshold * C.entropy.entropy.tailDominance.mainLower ) /\ ( C.entropy.entropy.olsTable.alphaRow.interval.Contains C.entropy.entropy.olsTable.alphaRow.estimate /\ C.entropy.entropy.olsTable.ceffRow.interval.Contains C.entropy.entropy.olsTable.ceffRow.estimate /\ C.entropy.entropy.paperTables.residualTable.rows.length = 16 ) /\ ( C.entropy.symbolic.alphaInterval.Contains C.entropy.symbolic.alphaHat ) /\ (forall n, ( C.entropy.entropy.degeneracy.degeneracy n = C.entropy.entropy.degeneracy.coefficient n )) /\ ( C.entropy.entropy.olsTable.rows.length = 5 /\ C.entropy.entropy.olsTable.alphaRow.interval.Contains C.entropy.entropy.olsTable.alphaRow.estimate /\ C.entropy.entropy.olsTable.ceffRow.interval.Contains C.entropy.entropy.olsTable.ceffRow.estimate ) /\ ( C.entropy.entropy.growthStability.spt.p = C.entropy.entropy.growthStability.padic.p /\ C.entropy.entropy.growthStability.spt.k = C.entropy.entropy.growthStability.padic.k /\ C.entropy.entropy.growthStability.obstructionOrder = 1 ) /\ ( C.tables.paperTables.externalScript.rows.length = 16 /\ forall row : ResidualTableRow, List.Mem row C.tables.paperTables.externalScript.rows -> row.rtCheck.pass = true /\ row.rsCheck.pass = true ) /\ ( C.tables.paperTables.externalScript.rows.length = 16 )"
Mock1_Advanced,45757,rademacher_tail_at,P,AdvancedClaimsIIEntropyPromptObjective,Mock1_Advanced,45196,PROJ,P.2.1,theorem rademacher_tail_at {C : AdvancedClaimsIICompletionCertificate} (P : AdvancedClaimsIIEntropyPromptObjective C) : ( C.entropy.entropy.alphaExtraction.cEqualsOne /\ C.entropy.entropy.tailDominance.tailUpper <= C.entropy.entropy.tailDominance.dominanceThreshold * C.entropy.entropy.tailDominance.mainLower ),":= ( C.entropy.symbolic.alphaInterval.Contains C.entropy.symbolic.alphaHat /\ C.entropy.symbolic.ceffInterval.Contains C.entropy.symbolic.ceffHat /\ C.entropy.entropy.olsTable.rows.length = 5 ) /\ ( C.entropy.entropy.alphaExtraction.cEqualsOne /\ C.entropy.entropy.tailDominance.tailUpper <= C.entropy.entropy.tailDominance.dominanceThreshold * C.entropy.entropy.tailDominance.mainLower ) /\ ( C.entropy.entropy.olsTable.alphaRow.interval.Contains C.entropy.entropy.olsTable.alphaRow.estimate /\ C.entropy.entropy.olsTable.ceffRow.interval.Contains C.entropy.entropy.olsTable.ceffRow.estimate /\ C.entropy.entropy.paperTables.residualTable.rows.length = 16 ) /\ ( C.entropy.symbolic.alphaInterval.Contains C.entropy.symbolic.alphaHat ) /\ (forall n, ( C.entropy.entropy.degeneracy.degeneracy n = C.entropy.entropy.degeneracy.coefficient n )) /\ ( C.entropy.entropy.olsTable.rows.length = 5 /\ C.entropy.entropy.olsTable.alphaRow.interval.Contains C.entropy.entropy.olsTable.alphaRow.estimate /\ C.entropy.entropy.olsTable.ceffRow.interval.Contains C.entropy.entropy.olsTable.ceffRow.estimate ) /\ ( C.entropy.entropy.growthStability.spt.p = C.entropy.entropy.growthStability.padic.p /\ C.entropy.entropy.growthStability.spt.k = C.entropy.entropy.growthStability.padic.k /\ C.entropy.entropy.growthStability.obstructionOrder = 1 ) /\ ( C.tables.paperTables.externalScript.rows.length = 16 /\ forall row : ResidualTableRow, List.Mem row C.tables.paperTables.externalScript.rows -> row.rtCheck.pass = true /\ row.rsCheck.pass = true ) /\ ( C.tables.paperTables.externalScript.rows.length = 16 )"
Mock1_Advanced,45768,entropy_cardy_wrapper_at,P,AdvancedClaimsIIEntropyPromptObjective,Mock1_Advanced,45196,PROJ,P.2.2.1,theorem entropy_cardy_wrapper_at {C : AdvancedClaimsIICompletionCertificate} (P : AdvancedClaimsIIEntropyPromptObjective C) : ( C.entropy.entropy.olsTable.alphaRow.interval.Contains C.entropy.entropy.olsTable.alphaRow.estimate /\ C.entropy.entropy.olsTable.ceffRow.interval.Contains C.entropy.entropy.olsTable.ceffRow.estimate /\ C.entropy.entropy.paperTables.residualTable.rows.length = 16 ),":= ( C.entropy.symbolic.alphaInterval.Contains C.entropy.symbolic.alphaHat /\ C.entropy.symbolic.ceffInterval.Contains C.entropy.symbolic.ceffHat /\ C.entropy.entropy.olsTable.rows.length = 5 ) /\ ( C.entropy.entropy.alphaExtraction.cEqualsOne /\ C.entropy.entropy.tailDominance.tailUpper <= C.entropy.entropy.tailDominance.dominanceThreshold * C.entropy.entropy.tailDominance.mainLower ) /\ ( C.entropy.entropy.olsTable.alphaRow.interval.Contains C.entropy.entropy.olsTable.alphaRow.estimate /\ C.entropy.entropy.olsTable.ceffRow.interval.Contains C.entropy.entropy.olsTable.ceffRow.estimate /\ C.entropy.entropy.paperTables.residualTable.rows.length = 16 ) /\ ( C.entropy.symbolic.alphaInterval.Contains C.entropy.symbolic.alphaHat ) /\ (forall n, ( C.entropy.entropy.degeneracy.degeneracy n = C.entropy.entropy.degeneracy.coefficient n )) /\ ( C.entropy.entropy.olsTable.rows.length = 5 /\ C.entropy.entropy.olsTable.alphaRow.interval.Contains C.entropy.entropy.olsTable.alphaRow.estimate /\ C.entropy.entropy.olsTable.ceffRow.interval.Contains C.entropy.entropy.olsTable.ceffRow.estimate ) /\ ( C.entropy.entropy.growthStability.spt.p = C.entropy.entropy.growthStability.padic.p /\ C.entropy.entropy.growthStability.spt.k = C.entropy.entropy.growthStability.padic.k /\ C.entropy.entropy.growthStability.obstructionOrder = 1 ) /\ ( C.tables.paperTables.externalScript.rows.length = 16 /\ forall row : ResidualTableRow, List.Mem row C.tables.paperTables.externalScript.rows -> row.rtCheck.pass = true /\ row.rsCheck.pass = true ) /\ ( C.tables.paperTables.externalScript.rows.length = 16 )"
Mock1_Advanced,45780,alpha_extraction_at,P,AdvancedClaimsIIEntropyPromptObjective,Mock1_Advanced,45196,PROJ,P.2.2.2.1,theorem alpha_extraction_at {C : AdvancedClaimsIICompletionCertificate} (P : AdvancedClaimsIIEntropyPromptObjective C) : ( C.entropy.symbolic.alphaInterval.Contains C.entropy.symbolic.alphaHat ),":= ( C.entropy.symbolic.alphaInterval.Contains C.entropy.symbolic.alphaHat /\ C.entropy.symbolic.ceffInterval.Contains C.entropy.symbolic.ceffHat /\ C.entropy.entropy.olsTable.rows.length = 5 ) /\ ( C.entropy.entropy.alphaExtraction.cEqualsOne /\ C.entropy.entropy.tailDominance.tailUpper <= C.entropy.entropy.tailDominance.dominanceThreshold * C.entropy.entropy.tailDominance.mainLower ) /\ ( C.entropy.entropy.olsTable.alphaRow.interval.Contains C.entropy.entropy.olsTable.alphaRow.estimate /\ C.entropy.entropy.olsTable.ceffRow.interval.Contains C.entropy.entropy.olsTable.ceffRow.estimate /\ C.entropy.entropy.paperTables.residualTable.rows.length = 16 ) /\ ( C.entropy.symbolic.alphaInterval.Contains C.entropy.symbolic.alphaHat ) /\ (forall n, ( C.entropy.entropy.degeneracy.degeneracy n = C.entropy.entropy.degeneracy.coefficient n )) /\ ( C.entropy.entropy.olsTable.rows.length = 5 /\ C.entropy.entropy.olsTable.alphaRow.interval.Contains C.entropy.entropy.olsTable.alphaRow.estimate /\ C.entropy.entropy.olsTable.ceffRow.interval.Contains C.entropy.entropy.olsTable.ceffRow.estimate ) /\ ( C.entropy.entropy.growthStability.spt.p = C.entropy.entropy.growthStability.padic.p /\ C.entropy.entropy.growthStability.spt.k = C.entropy.entropy.growthStability.padic.k /\ C.entropy.entropy.growthStability.obstructionOrder = 1 ) /\ ( C.tables.paperTables.externalScript.rows.length = 16 /\ forall row : ResidualTableRow, List.Mem row C.tables.paperTables.externalScript.rows -> row.rtCheck.pass = true /\ row.rsCheck.pass = true ) /\ ( C.tables.paperTables.externalScript.rows.length = 16 )"
Mock1_Advanced,45788,degeneracy_at,P,AdvancedClaimsIIEntropyPromptObjective,Mock1_Advanced,45196,PROJ,P.2.2.2.2.1 n,theorem degeneracy_at {C : AdvancedClaimsIICompletionCertificate} (P : AdvancedClaimsIIEntropyPromptObjective C) (n : Nat) : ( C.entropy.entropy.degeneracy.degeneracy n = C.entropy.entropy.degeneracy.coefficient n ),":= ( C.entropy.symbolic.alphaInterval.Contains C.entropy.symbolic.alphaHat /\ C.entropy.symbolic.ceffInterval.Contains C.entropy.symbolic.ceffHat /\ C.entropy.entropy.olsTable.rows.length = 5 ) /\ ( C.entropy.entropy.alphaExtraction.cEqualsOne /\ C.entropy.entropy.tailDominance.tailUpper <= C.entropy.entropy.tailDominance.dominanceThreshold * C.entropy.entropy.tailDominance.mainLower ) /\ ( C.entropy.entropy.olsTable.alphaRow.interval.Contains C.entropy.entropy.olsTable.alphaRow.estimate /\ C.entropy.entropy.olsTable.ceffRow.interval.Contains C.entropy.entropy.olsTable.ceffRow.estimate /\ C.entropy.entropy.paperTables.residualTable.rows.length = 16 ) /\ ( C.entropy.symbolic.alphaInterval.Contains C.entropy.symbolic.alphaHat ) /\ (forall n, ( C.entropy.entropy.degeneracy.degeneracy n = C.entropy.entropy.degeneracy.coefficient n )) /\ ( C.entropy.entropy.olsTable.rows.length = 5 /\ C.entropy.entropy.olsTable.alphaRow.interval.Contains C.entropy.entropy.olsTable.alphaRow.estimate /\ C.entropy.entropy.olsTable.ceffRow.interval.Contains C.entropy.entropy.olsTable.ceffRow.estimate ) /\ ( C.entropy.entropy.growthStability.spt.p = C.entropy.entropy.growthStability.padic.p /\ C.entropy.entropy.growthStability.spt.k = C.entropy.entropy.growthStability.padic.k /\ C.entropy.entropy.growthStability.obstructionOrder = 1 ) /\ ( C.tables.paperTables.externalScript.rows.length = 16 /\ forall row : ResidualTableRow, List.Mem row C.tables.paperTables.externalScript.rows -> row.rtCheck.pass = true /\ row.rsCheck.pass = true ) /\ ( C.tables.paperTables.externalScript.rows.length = 16 )"
Mock1_Advanced,45797,ols_interval_at,P,AdvancedClaimsIIEntropyPromptObjective,Mock1_Advanced,45196,PROJ,P.2.2.2.2.2.1,theorem ols_interval_at {C : AdvancedClaimsIICompletionCertificate} (P : AdvancedClaimsIIEntropyPromptObjective C) : ( C.entropy.entropy.olsTable.rows.length = 5 /\ C.entropy.entropy.olsTable.alphaRow.interval.Contains C.entropy.entropy.olsTable.alphaRow.estimate /\ C.entropy.entropy.olsTable.ceffRow.interval.Contains C.entropy.entropy.olsTable.ceffRow.estimate ),":= ( C.entropy.symbolic.alphaInterval.Contains C.entropy.symbolic.alphaHat /\ C.entropy.symbolic.ceffInterval.Contains C.entropy.symbolic.ceffHat /\ C.entropy.entropy.olsTable.rows.length = 5 ) /\ ( C.entropy.entropy.alphaExtraction.cEqualsOne /\ C.entropy.entropy.tailDominance.tailUpper <= C.entropy.entropy.tailDominance.dominanceThreshold * C.entropy.entropy.tailDominance.mainLower ) /\ ( C.entropy.entropy.olsTable.alphaRow.interval.Contains C.entropy.entropy.olsTable.alphaRow.estimate /\ C.entropy.entropy.olsTable.ceffRow.interval.Contains C.entropy.entropy.olsTable.ceffRow.estimate /\ C.entropy.entropy.paperTables.residualTable.rows.length = 16 ) /\ ( C.entropy.symbolic.alphaInterval.Contains C.entropy.symbolic.alphaHat ) /\ (forall n, ( C.entropy.entropy.degeneracy.degeneracy n = C.entropy.entropy.degeneracy.coefficient n )) /\ ( C.entropy.entropy.olsTable.rows.length = 5 /\ C.entropy.entropy.olsTable.alphaRow.interval.Contains C.entropy.entropy.olsTable.alphaRow.estimate /\ C.entropy.entropy.olsTable.ceffRow.interval.Contains C.entropy.entropy.olsTable.ceffRow.estimate ) /\ ( C.entropy.entropy.growthStability.spt.p = C.entropy.entropy.growthStability.padic.p /\ C.entropy.entropy.growthStability.spt.k = C.entropy.entropy.growthStability.padic.k /\ C.entropy.entropy.growthStability.obstructionOrder = 1 ) /\ ( C.tables.paperTables.externalScript.rows.length = 16 /\ forall row : ResidualTableRow, List.Mem row C.tables.paperTables.externalScript.rows -> row.rtCheck.pass = true /\ row.rsCheck.pass = true ) /\ ( C.tables.paperTables.externalScript.rows.length = 16 )"
Mock1_Advanced,45809,growth_stability_at,P,AdvancedClaimsIIEntropyPromptObjective,Mock1_Advanced,45196,PROJ,P.2.2.2.2.2.2.1,theorem growth_stability_at {C : AdvancedClaimsIICompletionCertificate} (P : AdvancedClaimsIIEntropyPromptObjective C) : ( C.entropy.entropy.growthStability.spt.p = C.entropy.entropy.growthStability.padic.p /\ C.entropy.entropy.growthStability.spt.k = C.entropy.entropy.growthStability.padic.k /\ C.entropy.entropy.growthStability.obstructionOrder = 1 ),":= ( C.entropy.symbolic.alphaInterval.Contains C.entropy.symbolic.alphaHat /\ C.entropy.symbolic.ceffInterval.Contains C.entropy.symbolic.ceffHat /\ C.entropy.entropy.olsTable.rows.length = 5 ) /\ ( C.entropy.entropy.alphaExtraction.cEqualsOne /\ C.entropy.entropy.tailDominance.tailUpper <= C.entropy.entropy.tailDominance.dominanceThreshold * C.entropy.entropy.tailDominance.mainLower ) /\ ( C.entropy.entropy.olsTable.alphaRow.interval.Contains C.entropy.entropy.olsTable.alphaRow.estimate /\ C.entropy.entropy.olsTable.ceffRow.interval.Contains C.entropy.entropy.olsTable.ceffRow.estimate /\ C.entropy.entropy.paperTables.residualTable.rows.length = 16 ) /\ ( C.entropy.symbolic.alphaInterval.Contains C.entropy.symbolic.alphaHat ) /\ (forall n, ( C.entropy.entropy.degeneracy.degeneracy n = C.entropy.entropy.degeneracy.coefficient n )) /\ ( C.entropy.entropy.olsTable.rows.length = 5 /\ C.entropy.entropy.olsTable.alphaRow.interval.Contains C.entropy.entropy.olsTable.alphaRow.estimate /\ C.entropy.entropy.olsTable.ceffRow.interval.Contains C.entropy.entropy.olsTable.ceffRow.estimate ) /\ ( C.entropy.entropy.growthStability.spt.p = C.entropy.entropy.growthStability.padic.p /\ C.entropy.entropy.growthStability.spt.k = C.entropy.entropy.growthStability.padic.k /\ C.entropy.entropy.growthStability.obstructionOrder = 1 ) /\ ( C.tables.paperTables.externalScript.rows.length = 16 /\ forall row : ResidualTableRow, List.Mem row C.tables.paperTables.externalScript.rows -> row.rtCheck.pass = true /\ row.rsCheck.pass = true ) /\ ( C.tables.paperTables.externalScript.rows.length = 16 )"
Mock1_Advanced,45821,reproducibility_schema_at,P,AdvancedClaimsIIEntropyPromptObjective,Mock1_Advanced,45196,PROJ,P.2.2.2.2.2.2.2.1,"theorem reproducibility_schema_at {C : AdvancedClaimsIICompletionCertificate} (P : AdvancedClaimsIIEntropyPromptObjective C) : ( C.tables.paperTables.externalScript.rows.length = 16 /\ forall row : ResidualTableRow, List.Mem row C.tables.paperTables.externalScript.rows -> row.rtCheck.pass = true /\ row.rsCheck.pass = true )",":= ( C.entropy.symbolic.alphaInterval.Contains C.entropy.symbolic.alphaHat /\ C.entropy.symbolic.ceffInterval.Contains C.entropy.symbolic.ceffHat /\ C.entropy.entropy.olsTable.rows.length = 5 ) /\ ( C.entropy.entropy.alphaExtraction.cEqualsOne /\ C.entropy.entropy.tailDominance.tailUpper <= C.entropy.entropy.tailDominance.dominanceThreshold * C.entropy.entropy.tailDominance.mainLower ) /\ ( C.entropy.entropy.olsTable.alphaRow.interval.Contains C.entropy.entropy.olsTable.alphaRow.estimate /\ C.entropy.entropy.olsTable.ceffRow.interval.Contains C.entropy.entropy.olsTable.ceffRow.estimate /\ C.entropy.entropy.paperTables.residualTable.rows.length = 16 ) /\ ( C.entropy.symbolic.alphaInterval.Contains C.entropy.symbolic.alphaHat ) /\ (forall n, ( C.entropy.entropy.degeneracy.degeneracy n = C.entropy.entropy.degeneracy.coefficient n )) /\ ( C.entropy.entropy.olsTable.rows.length = 5 /\ C.entropy.entropy.olsTable.alphaRow.interval.Contains C.entropy.entropy.olsTable.alphaRow.estimate /\ C.entropy.entropy.olsTable.ceffRow.interval.Contains C.entropy.entropy.olsTable.ceffRow.estimate ) /\ ( C.entropy.entropy.growthStability.spt.p = C.entropy.entropy.growthStability.padic.p /\ C.entropy.entropy.growthStability.spt.k = C.entropy.entropy.growthStability.padic.k /\ C.entropy.entropy.growthStability.obstructionOrder = 1 ) /\ ( C.tables.paperTables.externalScript.rows.length = 16 /\ forall row : ResidualTableRow, List.Mem row C.tables.paperTables.externalScript.rows -> row.rtCheck.pass = true /\ row.rsCheck.pass = true ) /\ ( C.tables.paperTables.externalScript.rows.length = 16 )"
Mock1_Advanced,45832,external_rows_at,P,AdvancedClaimsIIEntropyPromptObjective,Mock1_Advanced,45196,PROJ,P.2.2.2.2.2.2.2.2,theorem external_rows_at {C : AdvancedClaimsIICompletionCertificate} (P : AdvancedClaimsIIEntropyPromptObjective C) : ( C.tables.paperTables.externalScript.rows.length = 16 ),":= ( C.entropy.symbolic.alphaInterval.Contains C.entropy.symbolic.alphaHat /\ C.entropy.symbolic.ceffInterval.Contains C.entropy.symbolic.ceffHat /\ C.entropy.entropy.olsTable.rows.length = 5 ) /\ ( C.entropy.entropy.alphaExtraction.cEqualsOne /\ C.entropy.entropy.tailDominance.tailUpper <= C.entropy.entropy.tailDominance.dominanceThreshold * C.entropy.entropy.tailDominance.mainLower ) /\ ( C.entropy.entropy.olsTable.alphaRow.interval.Contains C.entropy.entropy.olsTable.alphaRow.estimate /\ C.entropy.entropy.olsTable.ceffRow.interval.Contains C.entropy.entropy.olsTable.ceffRow.estimate /\ C.entropy.entropy.paperTables.residualTable.rows.length = 16 ) /\ ( C.entropy.symbolic.alphaInterval.Contains C.entropy.symbolic.alphaHat ) /\ (forall n, ( C.entropy.entropy.degeneracy.degeneracy n = C.entropy.entropy.degeneracy.coefficient n )) /\ ( C.entropy.entropy.olsTable.rows.length = 5 /\ C.entropy.entropy.olsTable.alphaRow.interval.Contains C.entropy.entropy.olsTable.alphaRow.estimate /\ C.entropy.entropy.olsTable.ceffRow.interval.Contains C.entropy.entropy.olsTable.ceffRow.estimate ) /\ ( C.entropy.entropy.growthStability.spt.p = C.entropy.entropy.growthStability.padic.p /\ C.entropy.entropy.growthStability.spt.k = C.entropy.entropy.growthStability.padic.k /\ C.entropy.entropy.growthStability.obstructionOrder = 1 ) /\ ( C.tables.paperTables.externalScript.rows.length = 16 /\ forall row : ResidualTableRow, List.Mem row C.tables.paperTables.externalScript.rows -> row.rtCheck.pass = true /\ row.rsCheck.pass = true ) /\ ( C.tables.paperTables.externalScript.rows.length = 16 )"
Mock1_Advanced,60099,coeff_eq_object_at,H,AdvancedClaimsIIRlfCoefficientMathStatement,Mock1_Advanced,60018,PROJ,H.1,theorem coeff_eq_object_at {n : Nat} (H : AdvancedClaimsIIRlfCoefficientMathStatement n) : referencePaperInstancesHRflConcrete.qSeriesCertificate.series.coeff n = referencePaperInstancesHRflConcrete.object.coeff n,:= referencePaperInstancesHRflConcrete.qSeriesCertificate.series.coeff n = referencePaperInstancesHRflConcrete.object.coeff n /\ referencePaperInstancesHRflConcrete.qSeriesCertificate.series.coefficientAt n = referencePaperInstancesHRflConcrete.object.coeff n /\ referencePaperInstancesHCompletionCertificate.t1t5.exactCoefficient.formula.coefficient n = referencePaperInstancesHCompletionCertificate.t1t5.exactCoefficient.spectral.rademacher.main n + referencePaperInstancesHCompletionCertificate.t1t5.exactCoefficient.spectral.rademacher.remainder n
Mock1_Advanced,60105,coefficientAt_eq_object_at,H,AdvancedClaimsIIRlfCoefficientMathStatement,Mock1_Advanced,60018,PROJ,H.2.1,theorem coefficientAt_eq_object_at {n : Nat} (H : AdvancedClaimsIIRlfCoefficientMathStatement n) : referencePaperInstancesHRflConcrete.qSeriesCertificate.series.coefficientAt n = referencePaperInstancesHRflConcrete.object.coeff n,:= referencePaperInstancesHRflConcrete.qSeriesCertificate.series.coeff n = referencePaperInstancesHRflConcrete.object.coeff n /\ referencePaperInstancesHRflConcrete.qSeriesCertificate.series.coefficientAt n = referencePaperInstancesHRflConcrete.object.coeff n /\ referencePaperInstancesHCompletionCertificate.t1t5.exactCoefficient.formula.coefficient n = referencePaperInstancesHCompletionCertificate.t1t5.exactCoefficient.spectral.rademacher.main n + referencePaperInstancesHCompletionCertificate.t1t5.exactCoefficient.spectral.rademacher.remainder n
Mock1_Advanced,60111,rademacher_decomposition_at,H,AdvancedClaimsIIRlfCoefficientMathStatement,Mock1_Advanced,60018,PROJ,H.2.2,theorem rademacher_decomposition_at {n : Nat} (H : AdvancedClaimsIIRlfCoefficientMathStatement n) : referencePaperInstancesHCompletionCertificate.t1t5.exactCoefficient.formula.coefficient n = referencePaperInstancesHCompletionCertificate.t1t5.exactCoefficient.spectral.rademacher.main n + referencePaperInstancesHCompletionCertificate.t1t5.exactCoefficient.spectral.rademacher.remainder n,:= referencePaperInstancesHRflConcrete.qSeriesCertificate.series.coeff n = referencePaperInstancesHRflConcrete.object.coeff n /\ referencePaperInstancesHRflConcrete.qSeriesCertificate.series.coefficientAt n = referencePaperInstancesHRflConcrete.object.coeff n /\ referencePaperInstancesHCompletionCertificate.t1t5.exactCoefficient.formula.coefficient n = referencePaperInstancesHCompletionCertificate.t1t5.exactCoefficient.spectral.rademacher.main n + referencePaperInstancesHCompletionCertificate.t1t5.exactCoefficient.spectral.rademacher.remainder n
Mock1_Advanced,60133,tail_at,H,AdvancedClaimsIIRlfFiniteArithmeticStatement,Mock1_Advanced,60027,PROJ,H.1,theorem tail_at (H : AdvancedClaimsIIRlfFiniteArithmeticStatement) : PaperInstancesHRlfTailStatement,:= PaperInstancesHRlfTailStatement /\ PaperInstancesHRlfLerchPrincipalStatement /\ PaperInstancesHRlfFiniteSolveStatement /\ PaperInstancesHRlfSPTCRTTorStatement
Mock1_Advanced,60138,lerch_principal_at,H,AdvancedClaimsIIRlfFiniteArithmeticStatement,Mock1_Advanced,60027,PROJ,H.2.1,theorem lerch_principal_at (H : AdvancedClaimsIIRlfFiniteArithmeticStatement) : PaperInstancesHRlfLerchPrincipalStatement,:= PaperInstancesHRlfTailStatement /\ PaperInstancesHRlfLerchPrincipalStatement /\ PaperInstancesHRlfFiniteSolveStatement /\ PaperInstancesHRlfSPTCRTTorStatement
Mock1_Advanced,60143,finite_solve_at,H,AdvancedClaimsIIRlfFiniteArithmeticStatement,Mock1_Advanced,60027,PROJ,H.2.2.1,theorem finite_solve_at (H : AdvancedClaimsIIRlfFiniteArithmeticStatement) : PaperInstancesHRlfFiniteSolveStatement,:= PaperInstancesHRlfTailStatement /\ PaperInstancesHRlfLerchPrincipalStatement /\ PaperInstancesHRlfFiniteSolveStatement /\ PaperInstancesHRlfSPTCRTTorStatement
Mock1_Advanced,60148,spt_crt_tor_at,H,AdvancedClaimsIIRlfFiniteArithmeticStatement,Mock1_Advanced,60027,PROJ,H.2.2.2,theorem spt_crt_tor_at (H : AdvancedClaimsIIRlfFiniteArithmeticStatement) : PaperInstancesHRlfSPTCRTTorStatement,:= PaperInstancesHRlfTailStatement /\ PaperInstancesHRlfLerchPrincipalStatement /\ PaperInstancesHRlfFiniteSolveStatement /\ PaperInstancesHRlfSPTCRTTorStatement
Mock1_Advanced,60153,channel_statement_at,H,AdvancedClaimsIIRlfFiniteArithmeticStatement,Mock1_Advanced,60027,FULL,H,theorem channel_statement_at (H : AdvancedClaimsIIRlfFiniteArithmeticStatement) : PaperInstancesHRlfChannelStatement,:= PaperInstancesHRlfTailStatement /\ PaperInstancesHRlfLerchPrincipalStatement /\ PaperInstancesHRlfFiniteSolveStatement /\ PaperInstancesHRlfSPTCRTTorStatement
Mock1_Advanced,60162,overlap_mod_m_at,H,AdvancedClaimsIIRlfPAdicMahlerMathStatement,Mock1_Advanced,60033,PROJ,H.1.1,theorem overlap_mod_m_at {n : Nat} (H : AdvancedClaimsIIRlfPAdicMahlerMathStatement n) : IntCongruent referencePaperInstancesHRflConcrete.padicOverlap.M (referencePaperInstancesHRflConcrete.padicOverlap.left n) (referencePaperInstancesHRflConcrete.padicOverlap.right n),:= (IntCongruent referencePaperInstancesHRflConcrete.padicOverlap.M (referencePaperInstancesHRflConcrete.padicOverlap.left n) (referencePaperInstancesHRflConcrete.padicOverlap.right n) /\ IntCongruent (PrimePower referencePaperInstancesHRflConcrete.padicOverlap.p referencePaperInstancesHRflConcrete.padicOverlap.k) (referencePaperInstancesHRflConcrete.padicOverlap.left n) (referencePaperInstancesHRflConcrete.padicOverlap.right n)) /\ IntCongruent (PrimePower referencePaperInstancesHRflConcrete.mahler.p referencePaperInstancesHRflConcrete.mahler.k) (referencePaperInstancesHRflConcrete.mahler.eval n) (referencePaperInstancesHRflConcrete.mahler.target n) /\ referencePaperInstancesHRflConcrete.mahler.eval n = Finset.sum Finset.univ (fun j : Fin referencePaperInstancesHRflConcrete.mahler.length => referencePaperInstancesHRflConcrete.mahler.coeff j * referencePaperInstancesHRflConcrete.mahler.basis j n) /\ FiniteCongruenceMod referencePaperInstancesHRflConcrete.mahlerBinomial.p referencePaperInstancesHRflConcrete.mahlerBinomial.k (referencePaperInstancesHRflConcrete.mahlerBinomial.eval n) (referencePaperInstancesHRflConcrete.mahlerBinomial.target n) /\ referencePaperInstancesHRflConcrete.mahlerBinomial.eval n = Finset.sum Finset.univ (fun j : Fin referencePaperInstancesHRflConcrete.mahlerBinomial.length => referencePaperInstancesHRflConcrete.mahlerBinomial.coeff j * mahlerBinomialBasis (j : Nat) n)
Mock1_Advanced,60169,overlap_prime_power_at,H,AdvancedClaimsIIRlfPAdicMahlerMathStatement,Mock1_Advanced,60033,PROJ,H.1.2,theorem overlap_prime_power_at {n : Nat} (H : AdvancedClaimsIIRlfPAdicMahlerMathStatement n) : IntCongruent (PrimePower referencePaperInstancesHRflConcrete.padicOverlap.p referencePaperInstancesHRflConcrete.padicOverlap.k) (referencePaperInstancesHRflConcrete.padicOverlap.left n) (referencePaperInstancesHRflConcrete.padicOverlap.right n),:= (IntCongruent referencePaperInstancesHRflConcrete.padicOverlap.M (referencePaperInstancesHRflConcrete.padicOverlap.left n) (referencePaperInstancesHRflConcrete.padicOverlap.right n) /\ IntCongruent (PrimePower referencePaperInstancesHRflConcrete.padicOverlap.p referencePaperInstancesHRflConcrete.padicOverlap.k) (referencePaperInstancesHRflConcrete.padicOverlap.left n) (referencePaperInstancesHRflConcrete.padicOverlap.right n)) /\ IntCongruent (PrimePower referencePaperInstancesHRflConcrete.mahler.p referencePaperInstancesHRflConcrete.mahler.k) (referencePaperInstancesHRflConcrete.mahler.eval n) (referencePaperInstancesHRflConcrete.mahler.target n) /\ referencePaperInstancesHRflConcrete.mahler.eval n = Finset.sum Finset.univ (fun j : Fin referencePaperInstancesHRflConcrete.mahler.length => referencePaperInstancesHRflConcrete.mahler.coeff j * referencePaperInstancesHRflConcrete.mahler.basis j n) /\ FiniteCongruenceMod referencePaperInstancesHRflConcrete.mahlerBinomial.p referencePaperInstancesHRflConcrete.mahlerBinomial.k (referencePaperInstancesHRflConcrete.mahlerBinomial.eval n) (referencePaperInstancesHRflConcrete.mahlerBinomial.target n) /\ referencePaperInstancesHRflConcrete.mahlerBinomial.eval n = Finset.sum Finset.univ (fun j : Fin referencePaperInstancesHRflConcrete.mahlerBinomial.length => referencePaperInstancesHRflConcrete.mahlerBinomial.coeff j * mahlerBinomialBasis (j : Nat) n)
Mock1_Advanced,60178,overlap_pair_at,H,AdvancedClaimsIIRlfPAdicMahlerMathStatement,Mock1_Advanced,60033,PROJ,H.1,theorem overlap_pair_at {n : Nat} (H : AdvancedClaimsIIRlfPAdicMahlerMathStatement n) : IntCongruent referencePaperInstancesHRflConcrete.padicOverlap.M (referencePaperInstancesHRflConcrete.padicOverlap.left n) (referencePaperInstancesHRflConcrete.padicOverlap.right n) /\ IntCongruent (PrimePower referencePaperInstancesHRflConcrete.padicOverlap.p referencePaperInstancesHRflConcrete.padicOverlap.k) (referencePaperInstancesHRflConcrete.padicOverlap.left n) (referencePaperInstancesHRflConcrete.padicOverlap.right n),:= (IntCongruent referencePaperInstancesHRflConcrete.padicOverlap.M (referencePaperInstancesHRflConcrete.padicOverlap.left n) (referencePaperInstancesHRflConcrete.padicOverlap.right n) /\ IntCongruent (PrimePower referencePaperInstancesHRflConcrete.padicOverlap.p referencePaperInstancesHRflConcrete.padicOverlap.k) (referencePaperInstancesHRflConcrete.padicOverlap.left n) (referencePaperInstancesHRflConcrete.padicOverlap.right n)) /\ IntCongruent (PrimePower referencePaperInstancesHRflConcrete.mahler.p referencePaperInstancesHRflConcrete.mahler.k) (referencePaperInstancesHRflConcrete.mahler.eval n) (referencePaperInstancesHRflConcrete.mahler.target n) /\ referencePaperInstancesHRflConcrete.mahler.eval n = Finset.sum Finset.univ (fun j : Fin referencePaperInstancesHRflConcrete.mahler.length => referencePaperInstancesHRflConcrete.mahler.coeff j * referencePaperInstancesHRflConcrete.mahler.basis j n) /\ FiniteCongruenceMod referencePaperInstancesHRflConcrete.mahlerBinomial.p referencePaperInstancesHRflConcrete.mahlerBinomial.k (referencePaperInstancesHRflConcrete.mahlerBinomial.eval n) (referencePaperInstancesHRflConcrete.mahlerBinomial.target n) /\ referencePaperInstancesHRflConcrete.mahlerBinomial.eval n = Finset.sum Finset.univ (fun j : Fin referencePaperInstancesHRflConcrete.mahlerBinomial.length => referencePaperInstancesHRflConcrete.mahlerBinomial.coeff j * mahlerBinomialBasis (j : Nat) n)
Mock1_Advanced,60190,mahler_congruence_at,H,AdvancedClaimsIIRlfPAdicMahlerMathStatement,Mock1_Advanced,60033,PROJ,H.2.1,theorem mahler_congruence_at {n : Nat} (H : AdvancedClaimsIIRlfPAdicMahlerMathStatement n) : IntCongruent (PrimePower referencePaperInstancesHRflConcrete.mahler.p referencePaperInstancesHRflConcrete.mahler.k) (referencePaperInstancesHRflConcrete.mahler.eval n) (referencePaperInstancesHRflConcrete.mahler.target n),:= (IntCongruent referencePaperInstancesHRflConcrete.padicOverlap.M (referencePaperInstancesHRflConcrete.padicOverlap.left n) (referencePaperInstancesHRflConcrete.padicOverlap.right n) /\ IntCongruent (PrimePower referencePaperInstancesHRflConcrete.padicOverlap.p referencePaperInstancesHRflConcrete.padicOverlap.k) (referencePaperInstancesHRflConcrete.padicOverlap.left n) (referencePaperInstancesHRflConcrete.padicOverlap.right n)) /\ IntCongruent (PrimePower referencePaperInstancesHRflConcrete.mahler.p referencePaperInstancesHRflConcrete.mahler.k) (referencePaperInstancesHRflConcrete.mahler.eval n) (referencePaperInstancesHRflConcrete.mahler.target n) /\ referencePaperInstancesHRflConcrete.mahler.eval n = Finset.sum Finset.univ (fun j : Fin referencePaperInstancesHRflConcrete.mahler.length => referencePaperInstancesHRflConcrete.mahler.coeff j * referencePaperInstancesHRflConcrete.mahler.basis j n) /\ FiniteCongruenceMod referencePaperInstancesHRflConcrete.mahlerBinomial.p referencePaperInstancesHRflConcrete.mahlerBinomial.k (referencePaperInstancesHRflConcrete.mahlerBinomial.eval n) (referencePaperInstancesHRflConcrete.mahlerBinomial.target n) /\ referencePaperInstancesHRflConcrete.mahlerBinomial.eval n = Finset.sum Finset.univ (fun j : Fin referencePaperInstancesHRflConcrete.mahlerBinomial.length => referencePaperInstancesHRflConcrete.mahlerBinomial.coeff j * mahlerBinomialBasis (j : Nat) n)
Mock1_Advanced,60199,mahler_expansion_at,H,AdvancedClaimsIIRlfPAdicMahlerMathStatement,Mock1_Advanced,60033,PROJ,H.2.2.1,theorem mahler_expansion_at {n : Nat} (H : AdvancedClaimsIIRlfPAdicMahlerMathStatement n) : referencePaperInstancesHRflConcrete.mahler.eval n = Finset.sum Finset.univ (fun j : Fin referencePaperInstancesHRflConcrete.mahler.length => referencePaperInstancesHRflConcrete.mahler.coeff j * referencePaperInstancesHRflConcrete.mahler.basis j n),:= (IntCongruent referencePaperInstancesHRflConcrete.padicOverlap.M (referencePaperInstancesHRflConcrete.padicOverlap.left n) (referencePaperInstancesHRflConcrete.padicOverlap.right n) /\ IntCongruent (PrimePower referencePaperInstancesHRflConcrete.padicOverlap.p referencePaperInstancesHRflConcrete.padicOverlap.k) (referencePaperInstancesHRflConcrete.padicOverlap.left n) (referencePaperInstancesHRflConcrete.padicOverlap.right n)) /\ IntCongruent (PrimePower referencePaperInstancesHRflConcrete.mahler.p referencePaperInstancesHRflConcrete.mahler.k) (referencePaperInstancesHRflConcrete.mahler.eval n) (referencePaperInstancesHRflConcrete.mahler.target n) /\ referencePaperInstancesHRflConcrete.mahler.eval n = Finset.sum Finset.univ (fun j : Fin referencePaperInstancesHRflConcrete.mahler.length => referencePaperInstancesHRflConcrete.mahler.coeff j * referencePaperInstancesHRflConcrete.mahler.basis j n) /\ FiniteCongruenceMod referencePaperInstancesHRflConcrete.mahlerBinomial.p referencePaperInstancesHRflConcrete.mahlerBinomial.k (referencePaperInstancesHRflConcrete.mahlerBinomial.eval n) (referencePaperInstancesHRflConcrete.mahlerBinomial.target n) /\ referencePaperInstancesHRflConcrete.mahlerBinomial.eval n = Finset.sum Finset.univ (fun j : Fin referencePaperInstancesHRflConcrete.mahlerBinomial.length => referencePaperInstancesHRflConcrete.mahlerBinomial.coeff j * mahlerBinomialBasis (j : Nat) n)
Mock1_Advanced,60222,binomial_congruence_at,H,AdvancedClaimsIIRlfPAdicMahlerMathStatement,Mock1_Advanced,60033,PROJ,H.2.2.2.1,theorem binomial_congruence_at {n : Nat} (H : AdvancedClaimsIIRlfPAdicMahlerMathStatement n) : FiniteCongruenceMod referencePaperInstancesHRflConcrete.mahlerBinomial.p referencePaperInstancesHRflConcrete.mahlerBinomial.k (referencePaperInstancesHRflConcrete.mahlerBinomial.eval n) (referencePaperInstancesHRflConcrete.mahlerBinomial.target n),:= (IntCongruent referencePaperInstancesHRflConcrete.padicOverlap.M (referencePaperInstancesHRflConcrete.padicOverlap.left n) (referencePaperInstancesHRflConcrete.padicOverlap.right n) /\ IntCongruent (PrimePower referencePaperInstancesHRflConcrete.padicOverlap.p referencePaperInstancesHRflConcrete.padicOverlap.k) (referencePaperInstancesHRflConcrete.padicOverlap.left n) (referencePaperInstancesHRflConcrete.padicOverlap.right n)) /\ IntCongruent (PrimePower referencePaperInstancesHRflConcrete.mahler.p referencePaperInstancesHRflConcrete.mahler.k) (referencePaperInstancesHRflConcrete.mahler.eval n) (referencePaperInstancesHRflConcrete.mahler.target n) /\ referencePaperInstancesHRflConcrete.mahler.eval n = Finset.sum Finset.univ (fun j : Fin referencePaperInstancesHRflConcrete.mahler.length => referencePaperInstancesHRflConcrete.mahler.coeff j * referencePaperInstancesHRflConcrete.mahler.basis j n) /\ FiniteCongruenceMod referencePaperInstancesHRflConcrete.mahlerBinomial.p referencePaperInstancesHRflConcrete.mahlerBinomial.k (referencePaperInstancesHRflConcrete.mahlerBinomial.eval n) (referencePaperInstancesHRflConcrete.mahlerBinomial.target n) /\ referencePaperInstancesHRflConcrete.mahlerBinomial.eval n = Finset.sum Finset.univ (fun j : Fin referencePaperInstancesHRflConcrete.mahlerBinomial.length => referencePaperInstancesHRflConcrete.mahlerBinomial.coeff j * mahlerBinomialBasis (j : Nat) n)
Mock1_Advanced,60230,binomial_expansion_at,H,AdvancedClaimsIIRlfPAdicMahlerMathStatement,Mock1_Advanced,60033,PROJ,H.2.2.2.2,theorem binomial_expansion_at {n : Nat} (H : AdvancedClaimsIIRlfPAdicMahlerMathStatement n) : referencePaperInstancesHRflConcrete.mahlerBinomial.eval n = Finset.sum Finset.univ (fun j : Fin referencePaperInstancesHRflConcrete.mahlerBinomial.length => referencePaperInstancesHRflConcrete.mahlerBinomial.coeff j * mahlerBinomialBasis (j : Nat) n),:= (IntCongruent referencePaperInstancesHRflConcrete.padicOverlap.M (referencePaperInstancesHRflConcrete.padicOverlap.left n) (referencePaperInstancesHRflConcrete.padicOverlap.right n) /\ IntCongruent (PrimePower referencePaperInstancesHRflConcrete.padicOverlap.p referencePaperInstancesHRflConcrete.padicOverlap.k) (referencePaperInstancesHRflConcrete.padicOverlap.left n) (referencePaperInstancesHRflConcrete.padicOverlap.right n)) /\ IntCongruent (PrimePower referencePaperInstancesHRflConcrete.mahler.p referencePaperInstancesHRflConcrete.mahler.k) (referencePaperInstancesHRflConcrete.mahler.eval n) (referencePaperInstancesHRflConcrete.mahler.target n) /\ referencePaperInstancesHRflConcrete.mahler.eval n = Finset.sum Finset.univ (fun j : Fin referencePaperInstancesHRflConcrete.mahler.length => referencePaperInstancesHRflConcrete.mahler.coeff j * referencePaperInstancesHRflConcrete.mahler.basis j n) /\ FiniteCongruenceMod referencePaperInstancesHRflConcrete.mahlerBinomial.p referencePaperInstancesHRflConcrete.mahlerBinomial.k (referencePaperInstancesHRflConcrete.mahlerBinomial.eval n) (referencePaperInstancesHRflConcrete.mahlerBinomial.target n) /\ referencePaperInstancesHRflConcrete.mahlerBinomial.eval n = Finset.sum Finset.univ (fun j : Fin referencePaperInstancesHRflConcrete.mahlerBinomial.length => referencePaperInstancesHRflConcrete.mahlerBinomial.coeff j * mahlerBinomialBasis (j : Nat) n)
Mock1_Advanced,60256,entropy_limit_at,H,AdvancedClaimsIIRlfEntropyRegressionMathStatement,Mock1_Advanced,60062,PROJ,H.1,theorem entropy_limit_at (H : AdvancedClaimsIIRlfEntropyRegressionMathStatement) : Filter.Tendsto (fun n => Real.log |referencePaperInstancesHRflConcrete.object.coeff n| - referencePaperInstancesHRflConcrete.alpha * Real.sqrt (n : Real) + (1 / 2 : Real) * Real.log (n : Real)) Filter.atTop (nhds referencePaperInstancesHRflConcrete.beta),":= Filter.Tendsto (fun n => Real.log |referencePaperInstancesHRflConcrete.object.coeff n| - referencePaperInstancesHRflConcrete.alpha * Real.sqrt (n : Real) + (1 / 2 : Real) * Real.log (n : Real)) Filter.atTop (nhds referencePaperInstancesHRflConcrete.beta) /\ (forall i : Fin referencePaperInstancesHRflConcrete.rationalOLS.points, referencePaperInstancesHRflConcrete.rationalOLS.predictedAt i = referencePaperInstancesHRflConcrete.rationalOLS.alphaHat * (referencePaperInstancesHRflConcrete.rationalOLS.point i).xSqrt - (1 / 2 : Rat) * (referencePaperInstancesHRflConcrete.rationalOLS.point i).xLog + referencePaperInstancesHRflConcrete.rationalOLS.betaHat /\ referencePaperInstancesHRflConcrete.rationalOLS.residual i = (referencePaperInstancesHRflConcrete.rationalOLS.point i).yLogAbsCoeff - referencePaperInstancesHRflConcrete.rationalOLS.predictedAt i /\ |referencePaperInstancesHRflConcrete.rationalOLS.residual i| <= referencePaperInstancesHRflConcrete.rationalOLS.residualBound) /\ referencePaperInstancesHCompletionCertificate.analytic.entropyCardy.alphaExtraction.alphaInterval.Contains referencePaperInstancesHCompletionCertificate.analytic.entropyCardy.alphaExtraction.alphaHat /\ referencePaperInstancesHCompletionCertificate.analytic.entropyCardy.cardyConvention.ceffInterval.Contains referencePaperInstancesHCompletionCertificate.analytic.entropyCardy.cardyConvention.ceffHat"
Mock1_Advanced,60266,ols_row_at,H,AdvancedClaimsIIRlfEntropyRegressionMathStatement,Mock1_Advanced,60062,PROJ,H.2.1 i,theorem ols_row_at (H : AdvancedClaimsIIRlfEntropyRegressionMathStatement) (i : Fin referencePaperInstancesHRflConcrete.rationalOLS.points) : referencePaperInstancesHRflConcrete.rationalOLS.predictedAt i = referencePaperInstancesHRflConcrete.rationalOLS.alphaHat * (referencePaperInstancesHRflConcrete.rationalOLS.point i).xSqrt - (1 / 2 : Rat) * (referencePaperInstancesHRflConcrete.rationalOLS.point i).xLog + referencePaperInstancesHRflConcrete.rationalOLS.betaHat /\ referencePaperInstancesHRflConcrete.rationalOLS.residual i = (referencePaperInstancesHRflConcrete.rationalOLS.point i).yLogAbsCoeff - referencePaperInstancesHRflConcrete.rationalOLS.predictedAt i /\ |referencePaperInstancesHRflConcrete.rationalOLS.residual i| <= referencePaperInstancesHRflConcrete.rationalOLS.residualBound,":= Filter.Tendsto (fun n => Real.log |referencePaperInstancesHRflConcrete.object.coeff n| - referencePaperInstancesHRflConcrete.alpha * Real.sqrt (n : Real) + (1 / 2 : Real) * Real.log (n : Real)) Filter.atTop (nhds referencePaperInstancesHRflConcrete.beta) /\ (forall i : Fin referencePaperInstancesHRflConcrete.rationalOLS.points, referencePaperInstancesHRflConcrete.rationalOLS.predictedAt i = referencePaperInstancesHRflConcrete.rationalOLS.alphaHat * (referencePaperInstancesHRflConcrete.rationalOLS.point i).xSqrt - (1 / 2 : Rat) * (referencePaperInstancesHRflConcrete.rationalOLS.point i).xLog + referencePaperInstancesHRflConcrete.rationalOLS.betaHat /\ referencePaperInstancesHRflConcrete.rationalOLS.residual i = (referencePaperInstancesHRflConcrete.rationalOLS.point i).yLogAbsCoeff - referencePaperInstancesHRflConcrete.rationalOLS.predictedAt i /\ |referencePaperInstancesHRflConcrete.rationalOLS.residual i| <= referencePaperInstancesHRflConcrete.rationalOLS.residualBound) /\ referencePaperInstancesHCompletionCertificate.analytic.entropyCardy.alphaExtraction.alphaInterval.Contains referencePaperInstancesHCompletionCertificate.analytic.entropyCardy.alphaExtraction.alphaHat /\ referencePaperInstancesHCompletionCertificate.analytic.entropyCardy.cardyConvention.ceffInterval.Contains referencePaperInstancesHCompletionCertificate.analytic.entropyCardy.cardyConvention.ceffHat"
Mock1_Advanced,60282,ols_prediction_formula_at,H,AdvancedClaimsIIRlfEntropyRegressionMathStatement,Mock1_Advanced,60062,PROJ,(H.ols_row_at i).1,theorem ols_prediction_formula_at (H : AdvancedClaimsIIRlfEntropyRegressionMathStatement) (i : Fin referencePaperInstancesHRflConcrete.rationalOLS.points) : referencePaperInstancesHRflConcrete.rationalOLS.predictedAt i = referencePaperInstancesHRflConcrete.rationalOLS.alphaHat * (referencePaperInstancesHRflConcrete.rationalOLS.point i).xSqrt - (1 / 2 : Rat) * (referencePaperInstancesHRflConcrete.rationalOLS.point i).xLog + referencePaperInstancesHRflConcrete.rationalOLS.betaHat,":= Filter.Tendsto (fun n => Real.log |referencePaperInstancesHRflConcrete.object.coeff n| - referencePaperInstancesHRflConcrete.alpha * Real.sqrt (n : Real) + (1 / 2 : Real) * Real.log (n : Real)) Filter.atTop (nhds referencePaperInstancesHRflConcrete.beta) /\ (forall i : Fin referencePaperInstancesHRflConcrete.rationalOLS.points, referencePaperInstancesHRflConcrete.rationalOLS.predictedAt i = referencePaperInstancesHRflConcrete.rationalOLS.alphaHat * (referencePaperInstancesHRflConcrete.rationalOLS.point i).xSqrt - (1 / 2 : Rat) * (referencePaperInstancesHRflConcrete.rationalOLS.point i).xLog + referencePaperInstancesHRflConcrete.rationalOLS.betaHat /\ referencePaperInstancesHRflConcrete.rationalOLS.residual i = (referencePaperInstancesHRflConcrete.rationalOLS.point i).yLogAbsCoeff - referencePaperInstancesHRflConcrete.rationalOLS.predictedAt i /\ |referencePaperInstancesHRflConcrete.rationalOLS.residual i| <= referencePaperInstancesHRflConcrete.rationalOLS.residualBound) /\ referencePaperInstancesHCompletionCertificate.analytic.entropyCardy.alphaExtraction.alphaInterval.Contains referencePaperInstancesHCompletionCertificate.analytic.entropyCardy.alphaExtraction.alphaHat /\ referencePaperInstancesHCompletionCertificate.analytic.entropyCardy.cardyConvention.ceffInterval.Contains referencePaperInstancesHCompletionCertificate.analytic.entropyCardy.cardyConvention.ceffHat"
Mock1_Advanced,60293,ols_residual_decomposition_at,H,AdvancedClaimsIIRlfEntropyRegressionMathStatement,Mock1_Advanced,60062,PROJ,(H.ols_row_at i).2.1,theorem ols_residual_decomposition_at (H : AdvancedClaimsIIRlfEntropyRegressionMathStatement) (i : Fin referencePaperInstancesHRflConcrete.rationalOLS.points) : referencePaperInstancesHRflConcrete.rationalOLS.residual i = (referencePaperInstancesHRflConcrete.rationalOLS.point i).yLogAbsCoeff - referencePaperInstancesHRflConcrete.rationalOLS.predictedAt i,":= Filter.Tendsto (fun n => Real.log |referencePaperInstancesHRflConcrete.object.coeff n| - referencePaperInstancesHRflConcrete.alpha * Real.sqrt (n : Real) + (1 / 2 : Real) * Real.log (n : Real)) Filter.atTop (nhds referencePaperInstancesHRflConcrete.beta) /\ (forall i : Fin referencePaperInstancesHRflConcrete.rationalOLS.points, referencePaperInstancesHRflConcrete.rationalOLS.predictedAt i = referencePaperInstancesHRflConcrete.rationalOLS.alphaHat * (referencePaperInstancesHRflConcrete.rationalOLS.point i).xSqrt - (1 / 2 : Rat) * (referencePaperInstancesHRflConcrete.rationalOLS.point i).xLog + referencePaperInstancesHRflConcrete.rationalOLS.betaHat /\ referencePaperInstancesHRflConcrete.rationalOLS.residual i = (referencePaperInstancesHRflConcrete.rationalOLS.point i).yLogAbsCoeff - referencePaperInstancesHRflConcrete.rationalOLS.predictedAt i /\ |referencePaperInstancesHRflConcrete.rationalOLS.residual i| <= referencePaperInstancesHRflConcrete.rationalOLS.residualBound) /\ referencePaperInstancesHCompletionCertificate.analytic.entropyCardy.alphaExtraction.alphaInterval.Contains referencePaperInstancesHCompletionCertificate.analytic.entropyCardy.alphaExtraction.alphaHat /\ referencePaperInstancesHCompletionCertificate.analytic.entropyCardy.cardyConvention.ceffInterval.Contains referencePaperInstancesHCompletionCertificate.analytic.entropyCardy.cardyConvention.ceffHat"
Mock1_Advanced,60301,ols_residual_bound_at,H,AdvancedClaimsIIRlfEntropyRegressionMathStatement,Mock1_Advanced,60062,PROJ,(H.ols_row_at i).2.2,theorem ols_residual_bound_at (H : AdvancedClaimsIIRlfEntropyRegressionMathStatement) (i : Fin referencePaperInstancesHRflConcrete.rationalOLS.points) : |referencePaperInstancesHRflConcrete.rationalOLS.residual i| <= referencePaperInstancesHRflConcrete.rationalOLS.residualBound,":= Filter.Tendsto (fun n => Real.log |referencePaperInstancesHRflConcrete.object.coeff n| - referencePaperInstancesHRflConcrete.alpha * Real.sqrt (n : Real) + (1 / 2 : Real) * Real.log (n : Real)) Filter.atTop (nhds referencePaperInstancesHRflConcrete.beta) /\ (forall i : Fin referencePaperInstancesHRflConcrete.rationalOLS.points, referencePaperInstancesHRflConcrete.rationalOLS.predictedAt i = referencePaperInstancesHRflConcrete.rationalOLS.alphaHat * (referencePaperInstancesHRflConcrete.rationalOLS.point i).xSqrt - (1 / 2 : Rat) * (referencePaperInstancesHRflConcrete.rationalOLS.point i).xLog + referencePaperInstancesHRflConcrete.rationalOLS.betaHat /\ referencePaperInstancesHRflConcrete.rationalOLS.residual i = (referencePaperInstancesHRflConcrete.rationalOLS.point i).yLogAbsCoeff - referencePaperInstancesHRflConcrete.rationalOLS.predictedAt i /\ |referencePaperInstancesHRflConcrete.rationalOLS.residual i| <= referencePaperInstancesHRflConcrete.rationalOLS.residualBound) /\ referencePaperInstancesHCompletionCertificate.analytic.entropyCardy.alphaExtraction.alphaInterval.Contains referencePaperInstancesHCompletionCertificate.analytic.entropyCardy.alphaExtraction.alphaHat /\ referencePaperInstancesHCompletionCertificate.analytic.entropyCardy.cardyConvention.ceffInterval.Contains referencePaperInstancesHCompletionCertificate.analytic.entropyCardy.cardyConvention.ceffHat"
Mock1_Advanced,60308,alpha_interval_at,H,AdvancedClaimsIIRlfEntropyRegressionMathStatement,Mock1_Advanced,60062,PROJ,H.2.2.1,theorem alpha_interval_at (H : AdvancedClaimsIIRlfEntropyRegressionMathStatement) : referencePaperInstancesHCompletionCertificate.analytic.entropyCardy.alphaExtraction.alphaInterval.Contains referencePaperInstancesHCompletionCertificate.analytic.entropyCardy.alphaExtraction.alphaHat,":= Filter.Tendsto (fun n => Real.log |referencePaperInstancesHRflConcrete.object.coeff n| - referencePaperInstancesHRflConcrete.alpha * Real.sqrt (n : Real) + (1 / 2 : Real) * Real.log (n : Real)) Filter.atTop (nhds referencePaperInstancesHRflConcrete.beta) /\ (forall i : Fin referencePaperInstancesHRflConcrete.rationalOLS.points, referencePaperInstancesHRflConcrete.rationalOLS.predictedAt i = referencePaperInstancesHRflConcrete.rationalOLS.alphaHat * (referencePaperInstancesHRflConcrete.rationalOLS.point i).xSqrt - (1 / 2 : Rat) * (referencePaperInstancesHRflConcrete.rationalOLS.point i).xLog + referencePaperInstancesHRflConcrete.rationalOLS.betaHat /\ referencePaperInstancesHRflConcrete.rationalOLS.residual i = (referencePaperInstancesHRflConcrete.rationalOLS.point i).yLogAbsCoeff - referencePaperInstancesHRflConcrete.rationalOLS.predictedAt i /\ |referencePaperInstancesHRflConcrete.rationalOLS.residual i| <= referencePaperInstancesHRflConcrete.rationalOLS.residualBound) /\ referencePaperInstancesHCompletionCertificate.analytic.entropyCardy.alphaExtraction.alphaInterval.Contains referencePaperInstancesHCompletionCertificate.analytic.entropyCardy.alphaExtraction.alphaHat /\ referencePaperInstancesHCompletionCertificate.analytic.entropyCardy.cardyConvention.ceffInterval.Contains referencePaperInstancesHCompletionCertificate.analytic.entropyCardy.cardyConvention.ceffHat"
Mock1_Advanced,60314,ceff_interval_at,H,AdvancedClaimsIIRlfEntropyRegressionMathStatement,Mock1_Advanced,60062,PROJ,H.2.2.2,theorem ceff_interval_at (H : AdvancedClaimsIIRlfEntropyRegressionMathStatement) : referencePaperInstancesHCompletionCertificate.analytic.entropyCardy.cardyConvention.ceffInterval.Contains referencePaperInstancesHCompletionCertificate.analytic.entropyCardy.cardyConvention.ceffHat,":= Filter.Tendsto (fun n => Real.log |referencePaperInstancesHRflConcrete.object.coeff n| - referencePaperInstancesHRflConcrete.alpha * Real.sqrt (n : Real) + (1 / 2 : Real) * Real.log (n : Real)) Filter.atTop (nhds referencePaperInstancesHRflConcrete.beta) /\ (forall i : Fin referencePaperInstancesHRflConcrete.rationalOLS.points, referencePaperInstancesHRflConcrete.rationalOLS.predictedAt i = referencePaperInstancesHRflConcrete.rationalOLS.alphaHat * (referencePaperInstancesHRflConcrete.rationalOLS.point i).xSqrt - (1 / 2 : Rat) * (referencePaperInstancesHRflConcrete.rationalOLS.point i).xLog + referencePaperInstancesHRflConcrete.rationalOLS.betaHat /\ referencePaperInstancesHRflConcrete.rationalOLS.residual i = (referencePaperInstancesHRflConcrete.rationalOLS.point i).yLogAbsCoeff - referencePaperInstancesHRflConcrete.rationalOLS.predictedAt i /\ |referencePaperInstancesHRflConcrete.rationalOLS.residual i| <= referencePaperInstancesHRflConcrete.rationalOLS.residualBound) /\ referencePaperInstancesHCompletionCertificate.analytic.entropyCardy.alphaExtraction.alphaInterval.Contains referencePaperInstancesHCompletionCertificate.analytic.entropyCardy.alphaExtraction.alphaHat /\ referencePaperInstancesHCompletionCertificate.analytic.entropyCardy.cardyConvention.ceffInterval.Contains referencePaperInstancesHCompletionCertificate.analytic.entropyCardy.cardyConvention.ceffHat"
Mock1_Advanced,60324,final_detail_at,H,AdvancedClaimsIIRlfFinalMathStatement,Mock1_Advanced,60086,PROJ,H.1,theorem final_detail_at (H : AdvancedClaimsIIRlfFinalMathStatement) : AdvancedClaimsIIRlfFinalDetailStatement,:= AdvancedClaimsIIRlfFinalDetailStatement /\ PaperInstancesHRlfFinalInstanceStatement /\ referencePaperInstancesHCompletionCertificate.extraction.concrete.paperObjectName = referencePaperInstancesHCompletionCertificate.extraction.concrete.object.name /\ referencePaperInstancesHCompletionCertificate.extraction.concrete.principalPart.order = 1 /\ referencePaperInstancesHCompletionCertificate.extraction.concrete.rationalOLS.alphaInterval.Contains referencePaperInstancesHCompletionCertificate.extraction.concrete.rationalOLS.alphaHat /\ referencePaperInstancesHCompletionCertificate.extraction.concrete.rationalOLS.betaInterval.Contains referencePaperInstancesHCompletionCertificate.extraction.concrete.rationalOLS.betaHat
Mock1_Advanced,60329,final_instance_at,H,AdvancedClaimsIIRlfFinalMathStatement,Mock1_Advanced,60086,PROJ,H.2.1,theorem final_instance_at (H : AdvancedClaimsIIRlfFinalMathStatement) : PaperInstancesHRlfFinalInstanceStatement,:= AdvancedClaimsIIRlfFinalDetailStatement /\ PaperInstancesHRlfFinalInstanceStatement /\ referencePaperInstancesHCompletionCertificate.extraction.concrete.paperObjectName = referencePaperInstancesHCompletionCertificate.extraction.concrete.object.name /\ referencePaperInstancesHCompletionCertificate.extraction.concrete.principalPart.order = 1 /\ referencePaperInstancesHCompletionCertificate.extraction.concrete.rationalOLS.alphaInterval.Contains referencePaperInstancesHCompletionCertificate.extraction.concrete.rationalOLS.alphaHat /\ referencePaperInstancesHCompletionCertificate.extraction.concrete.rationalOLS.betaInterval.Contains referencePaperInstancesHCompletionCertificate.extraction.concrete.rationalOLS.betaHat
Mock1_Advanced,60334,object_name_at,H,AdvancedClaimsIIRlfFinalMathStatement,Mock1_Advanced,60086,PROJ,H.2.2.1,theorem object_name_at (H : AdvancedClaimsIIRlfFinalMathStatement) : referencePaperInstancesHCompletionCertificate.extraction.concrete.paperObjectName = referencePaperInstancesHCompletionCertificate.extraction.concrete.object.name,:= AdvancedClaimsIIRlfFinalDetailStatement /\ PaperInstancesHRlfFinalInstanceStatement /\ referencePaperInstancesHCompletionCertificate.extraction.concrete.paperObjectName = referencePaperInstancesHCompletionCertificate.extraction.concrete.object.name /\ referencePaperInstancesHCompletionCertificate.extraction.concrete.principalPart.order = 1 /\ referencePaperInstancesHCompletionCertificate.extraction.concrete.rationalOLS.alphaInterval.Contains referencePaperInstancesHCompletionCertificate.extraction.concrete.rationalOLS.alphaHat /\ referencePaperInstancesHCompletionCertificate.extraction.concrete.rationalOLS.betaInterval.Contains referencePaperInstancesHCompletionCertificate.extraction.concrete.rationalOLS.betaHat
Mock1_Advanced,60340,principal_order_one_at,H,AdvancedClaimsIIRlfFinalMathStatement,Mock1_Advanced,60086,PROJ,H.2.2.2.1,theorem principal_order_one_at (H : AdvancedClaimsIIRlfFinalMathStatement) : referencePaperInstancesHCompletionCertificate.extraction.concrete.principalPart.order = 1,:= AdvancedClaimsIIRlfFinalDetailStatement /\ PaperInstancesHRlfFinalInstanceStatement /\ referencePaperInstancesHCompletionCertificate.extraction.concrete.paperObjectName = referencePaperInstancesHCompletionCertificate.extraction.concrete.object.name /\ referencePaperInstancesHCompletionCertificate.extraction.concrete.principalPart.order = 1 /\ referencePaperInstancesHCompletionCertificate.extraction.concrete.rationalOLS.alphaInterval.Contains referencePaperInstancesHCompletionCertificate.extraction.concrete.rationalOLS.alphaHat /\ referencePaperInstancesHCompletionCertificate.extraction.concrete.rationalOLS.betaInterval.Contains referencePaperInstancesHCompletionCertificate.extraction.concrete.rationalOLS.betaHat
Mock1_Advanced,60345,alpha_interval_at,H,AdvancedClaimsIIRlfFinalMathStatement,Mock1_Advanced,60086,PROJ,H.2.2.2.2.1,theorem alpha_interval_at (H : AdvancedClaimsIIRlfFinalMathStatement) : referencePaperInstancesHCompletionCertificate.extraction.concrete.rationalOLS.alphaInterval.Contains referencePaperInstancesHCompletionCertificate.extraction.concrete.rationalOLS.alphaHat,:= AdvancedClaimsIIRlfFinalDetailStatement /\ PaperInstancesHRlfFinalInstanceStatement /\ referencePaperInstancesHCompletionCertificate.extraction.concrete.paperObjectName = referencePaperInstancesHCompletionCertificate.extraction.concrete.object.name /\ referencePaperInstancesHCompletionCertificate.extraction.concrete.principalPart.order = 1 /\ referencePaperInstancesHCompletionCertificate.extraction.concrete.rationalOLS.alphaInterval.Contains referencePaperInstancesHCompletionCertificate.extraction.concrete.rationalOLS.alphaHat /\ referencePaperInstancesHCompletionCertificate.extraction.concrete.rationalOLS.betaInterval.Contains referencePaperInstancesHCompletionCertificate.extraction.concrete.rationalOLS.betaHat
Mock1_Advanced,60351,beta_interval_at,H,AdvancedClaimsIIRlfFinalMathStatement,Mock1_Advanced,60086,PROJ,H.2.2.2.2.2,theorem beta_interval_at (H : AdvancedClaimsIIRlfFinalMathStatement) : referencePaperInstancesHCompletionCertificate.extraction.concrete.rationalOLS.betaInterval.Contains referencePaperInstancesHCompletionCertificate.extraction.concrete.rationalOLS.betaHat,:= AdvancedClaimsIIRlfFinalDetailStatement /\ PaperInstancesHRlfFinalInstanceStatement /\ referencePaperInstancesHCompletionCertificate.extraction.concrete.paperObjectName = referencePaperInstancesHCompletionCertificate.extraction.concrete.object.name /\ referencePaperInstancesHCompletionCertificate.extraction.concrete.principalPart.order = 1 /\ referencePaperInstancesHCompletionCertificate.extraction.concrete.rationalOLS.alphaInterval.Contains referencePaperInstancesHCompletionCertificate.extraction.concrete.rationalOLS.alphaHat /\ referencePaperInstancesHCompletionCertificate.extraction.concrete.rationalOLS.betaInterval.Contains referencePaperInstancesHCompletionCertificate.extraction.concrete.rationalOLS.betaHat
Mock2,9085,curvature_eq_zero,A,FlatSector,Mock2,13916,PROJ,A.2,@[simp] theorem curvature_eq_zero (A : FlatSector Aq curvature) : curvature A.1 = 0,:= Aq.QCurvature nabla U x = x
Mock2,13584,modularCovariance_restrict,hMC,ModularCovarianceRestrictionStable,Mock2,13572,FULL,hMC hUV hA,theorem modularCovariance_restrict (MC : Aq.ModularCovarianceData) (hMC : Aq.ModularCovarianceRestrictionStable MC) {U V : Open} (hUV : U ≤ V) {A : Aq.Field V} (hA : ModularCovariant Aq MC V A) : ModularCovariant Aq MC U (Aq.res hUV A),":= ∀ {U V : Open} (hUV : U ≤ V) {A : Aq.Field V}, MC.Covariant V A → MC.Covariant U (Aq.res hUV A)"
Mock2,13909,gauge_covariance_formula,hg,GaugeCovariant,Mock2,13905,FULL,hg U x,theorem gauge_covariance_formula {nabla : Aq.QConnection} {g : Aq.GaugeTransform} (hg : Aq.GaugeCovariant nabla g) (U : Open) (x : Aq.Field U) : nabla.D U (g.act U x) = g.act U (nabla.D U x),":= ∀ (U : Open) (x : Aq.Field U), nabla.D U (g.act U x) = g.act U (nabla.D U x)"
Mock2_Advanced,1563,MassConditionAt.mass_pos,h,MassConditionAt,Mock2_Advanced,1520,PROJ,h.1.trans_le (h.2.2 m hm),theorem MassConditionAt.mass_pos {D : ContinuousSpectralData} {ε : ℝ} {m0 m : ℕ} (h : MassConditionAt D ε m0) (hm : m0 ≤ m) : 0 < massFunctional D m,":= 0 < ε ∧ 1 ≤ m0 ∧ ∀ m, m0 ≤ m → ε ≤ massFunctional D m"
Mock2_FunctionalAnalysis,1537,alpha_pos,hB,ComplexCoerciveWith,Mock2_FunctionalAnalysis,1528,PROJ,hB.1,theorem alpha_pos (hB : ComplexCoerciveWith α B) : 0 < α,":= 0 < α ∧ ∀ u : V, α * ‖u‖ ^ 2 ≤ (B u u).re"
Mock2_FunctionalAnalysis,1540,diagonal,hB,ComplexCoerciveWith,Mock2_FunctionalAnalysis,1528,PROJ,hB.2 u,theorem diagonal (hB : ComplexCoerciveWith α B) (u : V) : α * ‖u‖ ^ 2 ≤ (B u u).re,":= 0 < α ∧ ∀ u : V, α * ‖u‖ ^ 2 ≤ (B u u).re"
Mock2_FunctionalAnalysis,11014,measurable,hu,RealSmooth,Mock2_FunctionalAnalysis,10972,PROJ,hu.continuous.measurable,theorem measurable {u : ℍ → ℂ} (hu : RealSmooth u) : Measurable u,:= ContDiffOn ℝ ∞ (upperLift u) UpperHalfPlane.upperHalfPlaneSet
Mock2_FunctionalAnalysis,11066,add,hu,HasQuotientCompactSupport,Mock2_FunctionalAnalysis,11026,PROJ,(hu.union hv).of_isClosed_subset isClosed_closure (quotientTSupport_add_subset u v),theorem add {u v : ℍ → ℂ} (hu : HasQuotientCompactSupport u) (hv : HasQuotientCompactSupport v) : HasQuotientCompactSupport (u + v),:= IsCompact (quotientTSupport u) @[simp]
Mock2_FunctionalAnalysis,11073,smul,hu,HasQuotientCompactSupport,Mock2_FunctionalAnalysis,11026,PROJ,hu.of_isClosed_subset isClosed_closure (quotientTSupport_smul_subset c u),theorem smul (c : ℂ) {u : ℍ → ℂ} (hu : HasQuotientCompactSupport u) : HasQuotientCompactSupport (c • u),:= IsCompact (quotientTSupport u) @[simp]
Mock2_FunctionalAnalysis,11081,mul_right,hu,HasQuotientCompactSupport,Mock2_FunctionalAnalysis,11026,PROJ,hu.of_isClosed_subset isClosed_closure (quotientTSupport_mul_subset_left_general u v),theorem mul_right {u : ℍ → ℂ} (hu : HasQuotientCompactSupport u) (v : ℍ → ℂ) : HasQuotientCompactSupport (u * v),:= IsCompact (quotientTSupport u) @[simp]
Mock2_FunctionalAnalysis,11493,SmoothCompactCore.exists_quotientSupport_subset_threeCuspTruncation_of_compactCofinal,hCofinal,GammaTwoThreeCuspCompactCofinal,Mock2_FunctionalAnalysis,10545,FULL,hCofinal _ (SmoothCompactCore.quotientCompact u),"theorem SmoothCompactCore.exists_quotientSupport_subset_threeCuspTruncation_of_compactCofinal (hCofinal : GammaTwoThreeCuspCompactCofinal) {P : PaperHalfWeightCertificate} (u : SmoothCompactCore P) : ∃ Y : ℝ, 1 < Y ∧ quotientTSupport (SmoothCompactCore.toSection u : ℍ → ℂ) ⊆ gammaTwoQuotientMk '' gammaTwoThreeCuspTruncation Y",":= ∀ K : Set GammaTwoQuotient, IsCompact K → ∃ Y : ℝ, 1 < Y ∧ K ⊆ gammaTwoQuotientMk '' gammaTwoThreeCuspTruncation Y"
Mock2_FunctionalAnalysis,12973,HasQuotientCompactSupport.raiseRaw,hf,HasQuotientCompactSupport,Mock2_FunctionalAnalysis,11026,PROJ,hf.of_isClosed_subset isClosed_closure (quotientTSupport_raiseRaw_subset a f),theorem HasQuotientCompactSupport.raiseRaw {f : ℍ → ℂ} (hf : HasQuotientCompactSupport f) (a : ℤ) : HasQuotientCompactSupport (raiseRaw a f),:= IsCompact (quotientTSupport u) @[simp]
Mock2_FunctionalAnalysis,12979,HasQuotientCompactSupport.lowerRaw,hf,HasQuotientCompactSupport,Mock2_FunctionalAnalysis,11026,PROJ,hf.of_isClosed_subset isClosed_closure (quotientTSupport_lowerRaw_subset a f),theorem HasQuotientCompactSupport.lowerRaw {f : ℍ → ℂ} (hf : HasQuotientCompactSupport f) (a : ℤ) : HasQuotientCompactSupport (lowerRaw a f),:= IsCompact (quotientTSupport u) @[simp]
Mock2_FunctionalAnalysis,12985,HasQuotientCompactSupport.laplaceRaw,hf,HasQuotientCompactSupport,Mock2_FunctionalAnalysis,11026,PROJ,hf.of_isClosed_subset isClosed_closure (quotientTSupport_laplaceRaw_subset a hs),theorem HasQuotientCompactSupport.laplaceRaw {f : ℍ → ℂ} (hf : HasQuotientCompactSupport f) (hs : RealSmooth f) (a : ℤ) : HasQuotientCompactSupport (laplaceRaw a f),:= IsCompact (quotientTSupport u) @[simp]
Mock2_FunctionalAnalysis,46204,IsPlanarAffineWeakGraph.friedrichs_raising_identity,hWeak,IsPlanarAffineWeakGraph,Mock2_FunctionalAnalysis,44319,PROJ,hWeak.friedrichs_identity j w,"theorem IsPlanarAffineWeakGraph.friedrichs_raising_identity {n : ℤ} {u Ru : AmbientPlaneL2} (hWeak : IsPlanarAffineWeakGraph Complex.I (((Mock2FA.PaperCorrections.AutomorphicSobolev.FixedPhaseClosedOperators.PhysicalLocalL2.euclideanGaugeExponent n + 2 : ℝ) : ℂ)) u Ru) (j : ℕ) (w : ℂ) : ambientAffineMaass Complex.I (((Mock2FA.PaperCorrections.AutomorphicSobolev.FixedPhaseClosedOperators.PhysicalLocalL2.euclideanGaugeExponent n + 2 : ℝ) : ℂ)) (friedrichsMollifiedRepresentative j u) w = friedrichsMollifiedRepresentative j Ru w + ∫ x : ℂ, friedrichsAffineCommutatorKernel Complex.I j (w - x) * u x",":= ∀ v : FullPlaneTest, (∫ t : ℂ, v t * Pu t) = ∫ t : ℂ, fullPlaneAffineTranspose sigma c v t * u t"
Mock2_FunctionalAnalysis,46218,IsPlanarAffineWeakGraph.friedrichs_loweringFromSucc_identity,hWeak,IsPlanarAffineWeakGraph,Mock2_FunctionalAnalysis,44319,PROJ,hWeak.friedrichs_identity j w,"theorem IsPlanarAffineWeakGraph.friedrichs_loweringFromSucc_identity {n : ℤ} {u Lu : AmbientPlaneL2} (hWeak : IsPlanarAffineWeakGraph (-Complex.I) (-(((Mock2FA.PaperCorrections.AutomorphicSobolev.FixedPhaseClosedOperators.PhysicalLocalL2.euclideanGaugeExponent n + 1 : ℝ) : ℂ))) u Lu) (j : ℕ) (w : ℂ) : ambientAffineMaass (-Complex.I) (-(((Mock2FA.PaperCorrections.AutomorphicSobolev.FixedPhaseClosedOperators.PhysicalLocalL2.euclideanGaugeExponent n + 1 : ℝ) : ℂ))) (friedrichsMollifiedRepresentative j u) w = friedrichsMollifiedRepresentative j Lu w + ∫ x : ℂ, friedrichsAffineCommutatorKernel (-Complex.I) j (w - x) * u x",":= ∀ v : FullPlaneTest, (∫ t : ℂ, v t * Pu t) = ∫ t : ℂ, fullPlaneAffineTranspose sigma c v t * u t"
QYM,692,upperHalfPlaneQ_trace_eq_zero,hcyc,IsScalarQCyclic,QYM,665,PROJ,hcyc.eq_zero_of_ne_one (upperHalfPlaneQ_ne_one τ),theorem upperHalfPlaneQ_trace_eq_zero (τ : ℍ) {Tr : S →+ ℂ} (hcyc : IsScalarQCyclic (upperHalfPlaneQ τ) Tr) : Tr = 0,":= ∀ X Y : S, Tr (X * Y) = q * Tr (Y * X)"
QYM,5072,IsWeakCriticalAt.firstVariation_eq_zero,hcritical,IsWeakCriticalAt,QYM,5054,PROJ,hcritical.2 variation hvariation,theorem IsWeakCriticalAt.firstVariation_eq_zero {X V : Type*} {isAdmissible : X → Prop} {isVariation : X → V → Prop} {firstVariation : X → V → ℝ} {state : X} (hcritical : IsWeakCriticalAt isAdmissible isVariation firstVariation state) {variation : V} (hvariation : isVariation state variation) : firstVariation state variation = 0,":= isAdmissible state ∧ ∀ variation : V, isVariation state variation → firstVariation state variation = 0"
QYM,5791,individual_eigenvalue_error,herror,UniformError,QYM,5780,FULL,herror i,theorem individual_eigenvalue_error {n : ℕ} {reference perturbed : Fin n → ℝ} {ε : ℝ} (herror : UniformError reference perturbed ε) (i : Fin n) : |perturbed i - reference i| ≤ ε,":= ∀ i, |perturbed i - reference i| ≤ ε"
QYM,6365,formSmall_relativeCoefficient_nonneg,hsmall,FormSmall,QYM,6312,PROJ,hsmall.1,theorem formSmall_relativeCoefficient_nonneg {kinetic normSq perturbation : State → ℝ} {a b : ℝ} (hsmall : FormSmall kinetic normSq perturbation a b) : 0 ≤ a,:= 0 ≤ a ∧ a < 1 ∧ 0 ≤ b ∧ RelativeFormAbsBoundBy kinetic normSq perturbation a b
QYM,6371,formSmall_relativeCoefficient_lt_one,hsmall,FormSmall,QYM,6312,PROJ,hsmall.2.1,theorem formSmall_relativeCoefficient_lt_one {kinetic normSq perturbation : State → ℝ} {a b : ℝ} (hsmall : FormSmall kinetic normSq perturbation a b) : a < 1,:= 0 ≤ a ∧ a < 1 ∧ 0 ≤ b ∧ RelativeFormAbsBoundBy kinetic normSq perturbation a b
QYM,6377,formSmall_remainderCoefficient_nonneg,hsmall,FormSmall,QYM,6312,PROJ,hsmall.2.2.1,theorem formSmall_remainderCoefficient_nonneg {kinetic normSq perturbation : State → ℝ} {a b : ℝ} (hsmall : FormSmall kinetic normSq perturbation a b) : 0 ≤ b,:= 0 ≤ a ∧ a < 1 ∧ 0 ≤ b ∧ RelativeFormAbsBoundBy kinetic normSq perturbation a b
QYM,6383,formSmall_relativeBound,hsmall,FormSmall,QYM,6312,PROJ,hsmall.2.2.2,theorem formSmall_relativeBound {kinetic normSq perturbation : State → ℝ} {a b : ℝ} (hsmall : FormSmall kinetic normSq perturbation a b) : RelativeFormAbsBoundBy kinetic normSq perturbation a b,:= 0 ≤ a ∧ a < 1 ∧ 0 ≤ b ∧ RelativeFormAbsBoundBy kinetic normSq perturbation a b
QYM,11725,abs_le_rootExponentialEnvelope,hbound,HasRootExponentialBound,QYM,11709,PROJ,hbound.2.2 n hn,theorem abs_le_rootExponentialEnvelope {a : ℕ → ℝ} {C α : ℝ} (hbound : HasRootExponentialBound a C α) {n : ℕ} (hn : 1 ≤ n) : |a n| ≤ rootExponentialEnvelope C α n,:= 0 < C ∧ 0 < α ∧ HasRootExponentialEstimateFrom a C α 1
QYM,12356,admissibleVariation_base,h,IsAdmissibleVariation,QYM,12346,PROJ,h.1,theorem admissibleVariation_base {State Variation : Type*} {stateConstraint : State → Prop} {tangentConstraint : State → Variation → Prop} {update : State → ℝ → Variation → State} {state : State} {variation : Variation} (h : IsAdmissibleVariation stateConstraint tangentConstraint update state variation) : stateConstraint state,":= stateConstraint state ∧ tangentConstraint state variation ∧ ∀ t : ℝ, stateConstraint (update state t variation)"
QYM,12367,admissibleVariation_tangent,h,IsAdmissibleVariation,QYM,12346,PROJ,h.2.1,theorem admissibleVariation_tangent {State Variation : Type*} {stateConstraint : State → Prop} {tangentConstraint : State → Variation → Prop} {update : State → ℝ → Variation → State} {state : State} {variation : Variation} (h : IsAdmissibleVariation stateConstraint tangentConstraint update state variation) : tangentConstraint state variation,":= stateConstraint state ∧ tangentConstraint state variation ∧ ∀ t : ℝ, stateConstraint (update state t variation)"
QYM,12378,admissibleVariation_update,h,IsAdmissibleVariation,QYM,12346,PROJ,h.2.2 t,theorem admissibleVariation_update {State Variation : Type*} {stateConstraint : State → Prop} {tangentConstraint : State → Variation → Prop} {update : State → ℝ → Variation → State} {state : State} {variation : Variation} (h : IsAdmissibleVariation stateConstraint tangentConstraint update state variation) (t : ℝ) : stateConstraint (update state t variation),":= stateConstraint state ∧ tangentConstraint state variation ∧ ∀ t : ℝ, stateConstraint (update state t variation)"
QYM,12541,coerciveOn_constant_pos,h,CoerciveOn,QYM,12534,PROJ,h.1,theorem coerciveOn_constant_pos {State : Type*} {admissible : State → Prop} {energy size : State → ℝ} {constant : ℝ} (h : CoerciveOn admissible energy size constant) : 0 < constant,":= 0 < constant ∧ ∀ state : State, admissible state → constant * size state ≤ energy state"
QYM,12548,coerciveOn_bound,h,CoerciveOn,QYM,12534,PROJ,h.2 state hstate,theorem coerciveOn_bound {State : Type*} {admissible : State → Prop} {energy size : State → ℝ} {constant : ℝ} (h : CoerciveOn admissible energy size constant) {state : State} (hstate : admissible state) : constant * size state ≤ energy state,":= 0 < constant ∧ ∀ state : State, admissible state → constant * size state ≤ energy state"
QYM,15303,coefficient_norm_le_of_complexRootExponentialBound,hbound,HasComplexRootExponentialBound,QYM,15288,PROJ,hbound.2.2 n hn,theorem coefficient_norm_le_of_complexRootExponentialBound {a : ℕ → ℂ} {C α : ℝ} (hbound : HasComplexRootExponentialBound a C α) {n : ℕ} (hn : 1 ≤ n) : ‖a n‖ ≤ complexRootExponentialEnvelope C α n,:= 0 < C ∧ 0 < α ∧ HasComplexRootExponentialEstimateFrom a C α 1
QYM,20766,IsPositiveCoerciveShift.shift_pos,h,IsPositiveCoerciveShift,QYM,20761,PROJ,h.1,theorem IsPositiveCoerciveShift.shift_pos {B : V →L[ℝ] V →L[ℝ] ℝ} {j : V →L[ℝ] H} {μ c : ℝ} (h : IsPositiveCoerciveShift B j μ c) : 0 < μ,:= 0 < μ ∧ 0 < c ∧ HasShiftedCoercivityBound B j μ c
QYM,20772,IsPositiveCoerciveShift.coercivityConstant_pos,h,IsPositiveCoerciveShift,QYM,20761,PROJ,h.2.1,theorem IsPositiveCoerciveShift.coercivityConstant_pos {B : V →L[ℝ] V →L[ℝ] ℝ} {j : V →L[ℝ] H} {μ c : ℝ} (h : IsPositiveCoerciveShift B j μ c) : 0 < c,:= 0 < μ ∧ 0 < c ∧ HasShiftedCoercivityBound B j μ c
QYM,23293,IsPositiveCoerciveShift.shift_pos,h,IsPositiveCoerciveShift,QYM,20761,PROJ,h.1,theorem IsPositiveCoerciveShift.shift_pos {B : SesqForm 𝕜 V} {j : V →L[𝕜] H} {μ c : ℝ} (h : IsPositiveCoerciveShift B j μ c) : 0 < μ,:= 0 < μ ∧ 0 < c ∧ HasShiftedCoercivityBound B j μ c
QYM,23299,IsPositiveCoerciveShift.constant_pos,h,IsPositiveCoerciveShift,QYM,20761,PROJ,h.2.1,theorem IsPositiveCoerciveShift.constant_pos {B : SesqForm 𝕜 V} {j : V →L[𝕜] H} {μ c : ℝ} (h : IsPositiveCoerciveShift B j μ c) : 0 < c,:= 0 < μ ∧ 0 < c ∧ HasShiftedCoercivityBound B j μ c
QYM,30902,IsGaugeDeckPullbackRepresentation.one,hDeck,IsGaugeDeckPullbackRepresentation,QYM,30893,PROJ,hDeck.1 a,theorem IsGaugeDeckPullbackRepresentation.one {Y : ℝ} {deckPullback : Mock2.Definition15Geometry.Gamma2 → GaugeFluctuation Y →ₗ[ℂ] GaugeFluctuation Y} (hDeck : IsGaugeDeckPullbackRepresentation Y deckPullback) (a : GaugeFluctuation Y) : deckPullback 1 a = a,":= (∀ a : GaugeFluctuation Y, deckPullback 1 a = a) ∧ ∀ (gamma delta : Mock2.Definition15Geometry.Gamma2) (a : GaugeFluctuation Y), deckPullback (gamma * delta) a = deckPullback gamma (deckPullback delta a)"
QYM,30911,IsGaugeDeckPullbackRepresentation.mul,hDeck,IsGaugeDeckPullbackRepresentation,QYM,30893,PROJ,hDeck.2 gamma delta a,theorem IsGaugeDeckPullbackRepresentation.mul {Y : ℝ} {deckPullback : Mock2.Definition15Geometry.Gamma2 → GaugeFluctuation Y →ₗ[ℂ] GaugeFluctuation Y} (hDeck : IsGaugeDeckPullbackRepresentation Y deckPullback) (gamma delta : Mock2.Definition15Geometry.Gamma2) (a : GaugeFluctuation Y) : deckPullback (gamma * delta) a = deckPullback gamma (deckPullback delta a),":= (∀ a : GaugeFluctuation Y, deckPullback 1 a = a) ∧ ∀ (gamma delta : Mock2.Definition15Geometry.Gamma2) (a : GaugeFluctuation Y), deckPullback (gamma * delta) a = deckPullback gamma (deckPullback delta a)"
QYM,50947,quotientSectionToActualStageL2_coeFn_ae,hs,IsSquareIntegrableOnActualStage,QYM,50917,PROJ,hs.coeFn_toLp,theorem quotientSectionToActualStageL2_coeFn_ae (Y : ℝ) (s : QYM.FullCertification.P3InverseEtaQuotientBundleExtension.InverseEtaQuotientSection) (hs : IsSquareIntegrableOnActualStage Y s) : ((quotientSectionToActualStageL2 Y s hs : ActualStageInverseEtaL2Section Y) : QYM.FullCertification.P2IntrinsicTruncatedQuotientExtension.X Y -> ℂ) =ᵐ[ actualStageMeasure Y] actualStageSectionCoordinate Y s,:= MemLp (actualStageSectionCoordinate Y s) 2 (actualStageMeasure Y)
